Datetime,Open,High,Low,Close,Volume,Ticker
2024-09-06 09:30:00-04:00,74.5999984741211,74.66000366210938,74.42500305175781,74.5999984741211,66685,GIS
2024-09-06 09:31:00-04:00,74.61000061035156,74.75,74.61000061035156,74.75,1853,GIS
2024-09-06 09:33:00-04:00,74.79000091552734,74.87999725341797,74.79000091552734,74.87999725341797,10149,GIS
2024-09-06 09:34:00-04:00,74.91000366210938,74.93000030517578,74.8499984741211,74.93000030517578,6377,GIS
2024-09-06 09:35:00-04:00,74.8949966430664,74.9800033569336,74.8949966430664,74.95999908447266,11486,GIS
2024-09-06 09:36:00-04:00,74.94000244140625,75.05000305175781,74.91100311279297,75.05000305175781,41588,GIS
2024-09-06 09:37:00-04:00,75.05000305175781,75.05000305175781,74.99500274658203,75.00499725341797,6124,GIS
2024-09-06 09:38:00-04:00,75.0,75.05999755859375,74.97000122070312,75.05000305175781,9408,GIS
2024-09-06 09:39:00-04:00,74.98999786376953,75.0999984741211,74.97000122070312,75.05000305175781,9053,GIS
2024-09-06 09:40:00-04:00,75.04000091552734,75.11499786376953,75.00238800048828,75.0999984741211,6460,GIS
2024-09-06 09:41:00-04:00,75.11078643798828,75.1453857421875,75.08000183105469,75.0999984741211,4238,GIS
2024-09-06 09:42:00-04:00,75.1015853881836,75.11000061035156,75.04499816894531,75.0999984741211,2874,GIS
2024-09-06 09:43:00-04:00,75.06999969482422,75.12000274658203,75.06999969482422,75.06999969482422,35278,GIS
2024-09-06 09:44:00-04:00,75.0999984741211,75.1500015258789,75.08000183105469,75.1500015258789,4123,GIS
2024-09-06 09:45:00-04:00,75.13999938964844,75.1500015258789,75.11009979248047,75.12000274658203,1952,GIS
2024-09-06 09:46:00-04:00,75.12229919433594,75.12229919433594,75.02999877929688,75.08000183105469,4399,GIS
2024-09-06 09:47:00-04:00,75.04000091552734,75.04000091552734,74.94000244140625,74.94499969482422,4556,GIS
2024-09-06 09:48:00-04:00,74.93000030517578,75.01000213623047,74.93000030517578,74.98500061035156,5386,GIS
2024-09-06 09:49:00-04:00,75.0,75.04000091552734,75.0,75.02999877929688,5927,GIS
2024-09-06 09:50:00-04:00,75.0250015258789,75.05999755859375,74.9800033569336,74.9800033569336,8303,GIS
2024-09-06 09:51:00-04:00,74.98799896240234,75.02999877929688,74.97000122070312,75.02999877929688,3039,GIS
2024-09-06 09:52:00-04:00,75.04000091552734,75.08000183105469,75.0199966430664,75.02660369873047,5024,GIS
2024-09-06 09:53:00-04:00,75.01000213623047,75.01000213623047,74.93000030517578,74.95999908447266,3072,GIS
2024-09-06 09:54:00-04:00,74.94750213623047,75.01000213623047,74.94750213623047,74.95999908447266,2103,GIS
2024-09-06 09:55:00-04:00,74.93000030517578,74.95999908447266,74.87000274658203,74.95999908447266,3630,GIS
2024-09-06 09:56:00-04:00,74.95500183105469,74.9749984741211,74.94000244140625,74.94999694824219,1990,GIS
2024-09-06 09:57:00-04:00,74.94000244140625,74.94000244140625,74.81999969482422,74.83000183105469,2525,GIS
2024-09-06 09:58:00-04:00,74.80999755859375,74.86000061035156,74.80000305175781,74.86000061035156,2158,GIS
2024-09-06 09:59:00-04:00,74.87999725341797,75.05000305175781,74.87999725341797,75.05000305175781,8103,GIS
2024-09-06 10:00:00-04:00,75.05000305175781,75.19000244140625,75.05000305175781,75.11000061035156,12568,GIS
2024-09-06 10:01:00-04:00,75.12999725341797,75.16000366210938,75.0906982421875,75.12000274658203,5847,GIS
2024-09-06 10:02:00-04:00,75.08999633789062,75.11000061035156,75.05999755859375,75.11000061035156,2892,GIS
2024-09-06 10:03:00-04:00,75.07450103759766,75.08499908447266,75.06999969482422,75.08000183105469,1796,GIS
2024-09-06 10:04:00-04:00,75.08000183105469,75.11000061035156,75.04000091552734,75.09500122070312,4797,GIS
2024-09-06 10:05:00-04:00,75.08000183105469,75.11000061035156,75.06999969482422,75.08999633789062,1648,GIS
2024-09-06 10:06:00-04:00,75.08999633789062,75.12000274658203,75.06999969482422,75.0999984741211,5166,GIS
2024-09-06 10:07:00-04:00,75.05999755859375,75.05999755859375,75.04499816894531,75.04499816894531,5033,GIS
2024-09-06 10:08:00-04:00,75.04000091552734,75.04000091552734,74.97000122070312,74.9800033569336,4079,GIS
2024-09-06 10:09:00-04:00,75.04000091552734,75.08000183105469,75.03679656982422,75.06050109863281,3149,GIS
2024-09-06 10:10:00-04:00,75.07499694824219,75.07499694824219,75.03009796142578,75.05999755859375,4546,GIS
2024-09-06 10:11:00-04:00,75.06500244140625,75.13999938964844,75.06500244140625,75.13999938964844,3658,GIS
2024-09-06 10:12:00-04:00,75.1500015258789,75.1500015258789,75.0999984741211,75.0999984741211,9973,GIS
2024-09-06 10:13:00-04:00,75.11000061035156,75.13999938964844,75.08999633789062,75.12999725341797,2818,GIS
2024-09-06 10:14:00-04:00,75.13500213623047,75.1500015258789,75.11000061035156,75.13999938964844,5206,GIS
2024-09-06 10:15:00-04:00,75.13999938964844,75.16999816894531,75.13999938964844,75.16999816894531,7993,GIS
2024-09-06 10:16:00-04:00,75.18000030517578,75.25,75.18000030517578,75.20999908447266,10268,GIS
2024-09-06 10:17:00-04:00,75.22000122070312,75.2300033569336,75.16999816894531,75.19000244140625,8080,GIS
2024-09-06 10:18:00-04:00,75.19999694824219,75.20999908447266,75.12999725341797,75.13999938964844,4971,GIS
2024-09-06 10:19:00-04:00,75.16999816894531,75.16999816894531,75.1500015258789,75.15499877929688,2611,GIS
2024-09-06 10:20:00-04:00,75.16000366210938,75.19999694824219,75.1449966430664,75.19999694824219,3574,GIS
2024-09-06 10:21:00-04:00,75.19999694824219,75.21499633789062,75.19999694824219,75.20999908447266,4153,GIS
2024-09-06 10:22:00-04:00,75.20999908447266,75.2699966430664,75.20999908447266,75.26000213623047,12840,GIS
2024-09-06 10:23:00-04:00,75.26000213623047,75.2698974609375,75.23999786376953,75.23999786376953,6960,GIS
2024-09-06 10:24:00-04:00,75.23999786376953,75.27999877929688,75.2301025390625,75.27999877929688,8497,GIS
2024-09-06 10:25:00-04:00,75.28990173339844,75.30999755859375,75.2699966430664,75.28500366210938,5315,GIS
2024-09-06 10:26:00-04:00,75.27999877929688,75.27999877929688,75.25,75.26000213623047,3293,GIS
2024-09-06 10:27:00-04:00,75.26000213623047,75.26000213623047,75.16999816894531,75.16999816894531,7438,GIS
2024-09-06 10:28:00-04:00,75.1603012084961,75.20999908447266,75.14749908447266,75.20999908447266,12239,GIS
2024-09-06 10:29:00-04:00,75.20999908447266,75.26000213623047,75.20999908447266,75.26000213623047,7139,GIS
2024-09-06 10:30:00-04:00,75.2699966430664,75.30000305175781,75.23999786376953,75.24500274658203,15169,GIS
2024-09-06 10:31:00-04:00,75.25,75.25,75.1449966430664,75.16000366210938,8954,GIS
2024-09-06 10:32:00-04:00,75.16000366210938,75.22000122070312,75.16000366210938,75.20999908447266,9966,GIS
2024-09-06 10:33:00-04:00,75.20999908447266,75.26000213623047,75.20999908447266,75.23999786376953,5613,GIS
2024-09-06 10:34:00-04:00,75.25,75.26000213623047,75.20999908447266,75.2300033569336,5187,GIS
2024-09-06 10:35:00-04:00,75.25,75.26000213623047,75.19999694824219,75.20999908447266,6100,GIS
2024-09-06 10:36:00-04:00,75.20999908447266,75.20999908447266,75.16000366210938,75.17500305175781,10670,GIS
2024-09-06 10:37:00-04:00,75.17500305175781,75.20500183105469,75.16999816894531,75.18000030517578,8369,GIS
2024-09-06 10:38:00-04:00,75.18000030517578,75.19000244140625,75.13999938964844,75.16999816894531,8970,GIS
2024-09-06 10:39:00-04:00,75.16999816894531,75.18000030517578,75.16500091552734,75.16999816894531,3216,GIS
2024-09-06 10:40:00-04:00,75.16999816894531,75.20500183105469,75.16999816894531,75.19999694824219,14492,GIS
2024-09-06 10:41:00-04:00,75.20500183105469,75.23999786376953,75.16999816894531,75.22000122070312,7324,GIS
2024-09-06 10:42:00-04:00,75.20999908447266,75.23999786376953,75.20999908447266,75.22000122070312,4450,GIS
2024-09-06 10:43:00-04:00,75.20999908447266,75.2300033569336,75.19999694824219,75.22000122070312,13023,GIS
2024-09-06 10:44:00-04:00,75.20500183105469,75.20500183105469,75.1500015258789,75.16000366210938,4352,GIS
2024-09-06 10:45:00-04:00,75.1500015258789,75.1500015258789,75.05000305175781,75.05000305175781,12662,GIS
2024-09-06 10:46:00-04:00,75.04000091552734,75.05999755859375,75.02999877929688,75.03500366210938,9911,GIS
2024-09-06 10:47:00-04:00,75.04000091552734,75.04000091552734,75.01000213623047,75.02999877929688,5875,GIS
2024-09-06 10:48:00-04:00,75.02999877929688,75.04499816894531,74.97000122070312,75.01000213623047,7212,GIS
2024-09-06 10:49:00-04:00,75.00499725341797,75.05000305175781,75.00499725341797,75.05000305175781,9984,GIS
2024-09-06 10:50:00-04:00,75.02999877929688,75.04000091552734,75.0,75.0,3688,GIS
2024-09-06 10:51:00-04:00,74.99500274658203,74.99500274658203,74.91000366210938,74.94999694824219,5018,GIS
2024-09-06 10:52:00-04:00,74.94499969482422,74.95999908447266,74.94499969482422,74.95999908447266,739,GIS
2024-09-06 10:53:00-04:00,74.94000244140625,74.94000244140625,74.91999816894531,74.91999816894531,7481,GIS
2024-09-06 10:54:00-04:00,74.93000030517578,75.0199966430664,74.93000030517578,75.0199966430664,6945,GIS
2024-09-06 10:55:00-04:00,75.02999877929688,75.05000305175781,75.0250015258789,75.04000091552734,1702,GIS
2024-09-06 10:56:00-04:00,75.06999969482422,75.06999969482422,75.06999969482422,75.06999969482422,6321,GIS
2024-09-06 10:57:00-04:00,75.08000183105469,75.1500015258789,75.06999969482422,75.13999938964844,9505,GIS
2024-09-06 10:58:00-04:00,75.13999938964844,75.16000366210938,75.12999725341797,75.13999938964844,14779,GIS
2024-09-06 10:59:00-04:00,75.1500015258789,75.19000244140625,75.13030242919922,75.19000244140625,11601,GIS
2024-09-06 11:00:00-04:00,75.19999694824219,75.2249984741211,75.12999725341797,75.20999908447266,14877,GIS
2024-09-06 11:01:00-04:00,75.2300033569336,75.43000030517578,75.21499633789062,75.43000030517578,10611,GIS
2024-09-06 11:02:00-04:00,75.4000015258789,75.43499755859375,75.37000274658203,75.41999816894531,10466,GIS
2024-09-06 11:03:00-04:00,75.41000366210938,75.41059875488281,75.33999633789062,75.36000061035156,5567,GIS
2024-09-06 11:04:00-04:00,75.35649871826172,75.43000030517578,75.35250091552734,75.41999816894531,8075,GIS
2024-09-06 11:05:00-04:00,75.44000244140625,75.44000244140625,75.4000015258789,75.42500305175781,5330,GIS
2024-09-06 11:06:00-04:00,75.43000030517578,75.43000030517578,75.38999938964844,75.38999938964844,4475,GIS
2024-09-06 11:07:00-04:00,75.37999725341797,75.4000015258789,75.33999633789062,75.33999633789062,5759,GIS
2024-09-06 11:08:00-04:00,75.33999633789062,75.36000061035156,75.30000305175781,75.30000305175781,10947,GIS
2024-09-06 11:09:00-04:00,75.30999755859375,75.32250213623047,75.30000305175781,75.31999969482422,6571,GIS
2024-09-06 11:10:00-04:00,75.31999969482422,75.33000183105469,75.29000091552734,75.30000305175781,10311,GIS
2024-09-06 11:11:00-04:00,75.25,75.2699966430664,75.23999786376953,75.25,6707,GIS
2024-09-06 11:12:00-04:00,75.26000213623047,75.2699966430664,75.23999786376953,75.23999786376953,4278,GIS
2024-09-06 11:13:00-04:00,75.25,75.25,75.19000244140625,75.19999694824219,5200,GIS
2024-09-06 11:14:00-04:00,75.19999694824219,75.20500183105469,75.13999938964844,75.19000244140625,10551,GIS
2024-09-06 11:15:00-04:00,75.19999694824219,75.19999694824219,75.16999816894531,75.19000244140625,3448,GIS
2024-09-06 11:16:00-04:00,75.1895980834961,75.21499633789062,75.16999816894531,75.17500305175781,4360,GIS
2024-09-06 11:17:00-04:00,75.19000244140625,75.25,75.18499755859375,75.25,5289,GIS
2024-09-06 11:18:00-04:00,75.25,75.25,75.22000122070312,75.22000122070312,4431,GIS
2024-09-06 11:19:00-04:00,75.2249984741211,75.25,75.2249984741211,75.24500274658203,4424,GIS
2024-09-06 11:20:00-04:00,75.24250030517578,75.27999877929688,75.23999786376953,75.27999877929688,8567,GIS
2024-09-06 11:21:00-04:00,75.27999877929688,75.29000091552734,75.25,75.2699966430664,7078,GIS
2024-09-06 11:22:00-04:00,75.26000213623047,75.28500366210938,75.2500991821289,75.27999877929688,2840,GIS
2024-09-06 11:23:00-04:00,75.29000091552734,75.30000305175781,75.26000213623047,75.26000213623047,7382,GIS
2024-09-06 11:24:00-04:00,75.26499938964844,75.29000091552734,75.26249694824219,75.28500366210938,5319,GIS
2024-09-06 11:25:00-04:00,75.29000091552734,75.30500030517578,75.27999877929688,75.27999877929688,25951,GIS
2024-09-06 11:26:00-04:00,75.29000091552734,75.29000091552734,75.27999877929688,75.27999877929688,1469,GIS
2024-09-06 11:27:00-04:00,75.2699966430664,75.27999877929688,75.26000213623047,75.2699966430664,3689,GIS
2024-09-06 11:28:00-04:00,75.26000213623047,75.26000213623047,75.2249984741211,75.2499008178711,9089,GIS
2024-09-06 11:29:00-04:00,75.25,75.26499938964844,75.2300033569336,75.25,7916,GIS
2024-09-06 11:30:00-04:00,75.25,75.25,75.2300033569336,75.23999786376953,3489,GIS
2024-09-06 11:31:00-04:00,75.2300033569336,75.25499725341797,75.19499969482422,75.19499969482422,8485,GIS
2024-09-06 11:32:00-04:00,75.19499969482422,75.30000305175781,75.18000030517578,75.29000091552734,11490,GIS
2024-09-06 11:33:00-04:00,75.30999755859375,75.33000183105469,75.30000305175781,75.31999969482422,6579,GIS
2024-09-06 11:34:00-04:00,75.31999969482422,75.33499908447266,75.30000305175781,75.30000305175781,5784,GIS
2024-09-06 11:35:00-04:00,75.30000305175781,75.33000183105469,75.30000305175781,75.31999969482422,4077,GIS
2024-09-06 11:36:00-04:00,75.33499908447266,75.33499908447266,75.2699966430664,75.2699966430664,4863,GIS
2024-09-06 11:37:00-04:00,75.26000213623047,75.26000213623047,75.23999786376953,75.23999786376953,2606,GIS
2024-09-06 11:38:00-04:00,75.25,75.25,75.2300033569336,75.2300033569336,3393,GIS
2024-09-06 11:39:00-04:00,75.2300033569336,75.23500061035156,75.22000122070312,75.23500061035156,3533,GIS
2024-09-06 11:40:00-04:00,75.23500061035156,75.2750015258789,75.23500061035156,75.26000213623047,7075,GIS
2024-09-06 11:41:00-04:00,75.26499938964844,75.29000091552734,75.26000213623047,75.29000091552734,6094,GIS
2024-09-06 11:42:00-04:00,75.30000305175781,75.30999755859375,75.29000091552734,75.30999755859375,4412,GIS
2024-09-06 11:43:00-04:00,75.33000183105469,75.33499908447266,75.31500244140625,75.31500244140625,3586,GIS
2024-09-06 11:44:00-04:00,75.30999755859375,75.30999755859375,75.27999877929688,75.29000091552734,2652,GIS
2024-09-06 11:45:00-04:00,75.29000091552734,75.29000091552734,75.19999694824219,75.19999694824219,4551,GIS
2024-09-06 11:46:00-04:00,75.19999694824219,75.19999694824219,75.1500015258789,75.16000366210938,4153,GIS
2024-09-06 11:47:00-04:00,75.1500015258789,75.19499969482422,75.1500015258789,75.19499969482422,5158,GIS
2024-09-06 11:48:00-04:00,75.19999694824219,75.20999908447266,75.19000244140625,75.20500183105469,5432,GIS
2024-09-06 11:49:00-04:00,75.21499633789062,75.22000122070312,75.19999694824219,75.19999694824219,1784,GIS
2024-09-06 11:50:00-04:00,75.20999908447266,75.20999908447266,75.20939636230469,75.20999908447266,1410,GIS
2024-09-06 11:51:00-04:00,75.22000122070312,75.2300033569336,75.20999908447266,75.20999908447266,8139,GIS
2024-09-06 11:52:00-04:00,75.20999908447266,75.20999908447266,75.19499969482422,75.19999694824219,4063,GIS
2024-09-06 11:53:00-04:00,75.19499969482422,75.21499633789062,75.19000244140625,75.20500183105469,4781,GIS
2024-09-06 11:54:00-04:00,75.19999694824219,75.21420288085938,75.19000244140625,75.20999908447266,10420,GIS
2024-09-06 11:55:00-04:00,75.22000122070312,75.22000122070312,75.18000030517578,75.18000030517578,4290,GIS
2024-09-06 11:56:00-04:00,75.18250274658203,75.18499755859375,75.16999816894531,75.17500305175781,2745,GIS
2024-09-06 11:57:00-04:00,75.17500305175781,75.19000244140625,75.16999816894531,75.19000244140625,6045,GIS
2024-09-06 11:58:00-04:00,75.19000244140625,75.2300033569336,75.19000244140625,75.2300033569336,3699,GIS
2024-09-06 11:59:00-04:00,75.2300033569336,75.26000213623047,75.22940063476562,75.26000213623047,7336,GIS
2024-09-06 12:00:00-04:00,75.25,75.25,75.20999908447266,75.2300033569336,6027,GIS
2024-09-06 12:01:00-04:00,75.2300033569336,75.25499725341797,75.2300033569336,75.25499725341797,3904,GIS
2024-09-06 12:02:00-04:00,75.26000213623047,75.29000091552734,75.26000213623047,75.28500366210938,5737,GIS
2024-09-06 12:03:00-04:00,75.27999877929688,75.29000091552734,75.27200317382812,75.27999877929688,2797,GIS
2024-09-06 12:04:00-04:00,75.2699966430664,75.27999877929688,75.26000213623047,75.27999877929688,5640,GIS
2024-09-06 12:05:00-04:00,75.27999877929688,75.27999877929688,75.19999694824219,75.19999694824219,4875,GIS
2024-09-06 12:06:00-04:00,75.20999908447266,75.2699966430664,75.20999908447266,75.22000122070312,7909,GIS
2024-09-06 12:07:00-04:00,75.2300033569336,75.23999786376953,75.19999694824219,75.19999694824219,6638,GIS
2024-09-06 12:08:00-04:00,75.19000244140625,75.20999908447266,75.16999816894531,75.20999908447266,6924,GIS
2024-09-06 12:09:00-04:00,75.20999908447266,75.22000122070312,75.20999908447266,75.22000122070312,2921,GIS
2024-09-06 12:10:00-04:00,75.22000122070312,75.22000122070312,75.22000122070312,75.22000122070312,665,GIS
2024-09-06 12:11:00-04:00,75.22000122070312,75.2249984741211,75.18000030517578,75.19000244140625,9867,GIS
2024-09-06 12:12:00-04:00,75.19999694824219,75.22000122070312,75.19999694824219,75.22000122070312,5278,GIS
2024-09-06 12:13:00-04:00,75.2249984741211,75.2249984741211,75.19499969482422,75.20999908447266,6947,GIS
2024-09-06 12:14:00-04:00,75.21499633789062,75.23999786376953,75.21499633789062,75.23999786376953,5543,GIS
2024-09-06 12:15:00-04:00,75.22000122070312,75.23999786376953,75.20999908447266,75.20999908447266,5028,GIS
2024-09-06 12:16:00-04:00,75.20999908447266,75.22000122070312,75.20999908447266,75.22000122070312,4009,GIS
2024-09-06 12:17:00-04:00,75.23999786376953,75.23999786376953,75.2300033569336,75.23999786376953,2904,GIS
2024-09-06 12:18:00-04:00,75.2300033569336,75.2300033569336,75.19000244140625,75.19000244140625,7284,GIS
2024-09-06 12:19:00-04:00,75.19999694824219,75.20999908447266,75.19999694824219,75.20500183105469,3773,GIS
2024-09-06 12:20:00-04:00,75.19999694824219,75.20999908447266,75.19999694824219,75.20999908447266,3216,GIS
2024-09-06 12:21:00-04:00,75.22000122070312,75.23999786376953,75.22000122070312,75.23999786376953,3873,GIS
2024-09-06 12:22:00-04:00,75.23999786376953,75.23999786376953,75.21499633789062,75.2249984741211,5355,GIS
2024-09-06 12:23:00-04:00,75.22000122070312,75.22000122070312,75.20999908447266,75.20999908447266,3888,GIS
2024-09-06 12:24:00-04:00,75.21620178222656,75.21620178222656,75.19999694824219,75.19999694824219,3298,GIS
2024-09-06 12:25:00-04:00,75.20999908447266,75.25,75.20999908447266,75.25,6923,GIS
2024-09-06 12:26:00-04:00,75.23999786376953,75.25,75.23500061035156,75.24500274658203,5318,GIS
2024-09-06 12:27:00-04:00,75.25,75.25,75.23999786376953,75.25,1666,GIS
2024-09-06 12:28:00-04:00,75.25,75.27999877929688,75.25,75.27999877929688,8120,GIS
2024-09-06 12:29:00-04:00,75.27999877929688,75.27999877929688,75.2699966430664,75.27999877929688,5541,GIS
2024-09-06 12:30:00-04:00,75.28500366210938,75.28500366210938,75.26000213623047,75.26499938964844,4353,GIS
2024-09-06 12:31:00-04:00,75.26000213623047,75.26000213623047,75.26000213623047,75.26000213623047,2326,GIS
2024-09-06 12:32:00-04:00,75.26000213623047,75.2699966430664,75.26000213623047,75.2699966430664,3332,GIS
2024-09-06 12:33:00-04:00,75.26499938964844,75.30999755859375,75.25499725341797,75.30999755859375,7512,GIS
2024-09-06 12:34:00-04:00,75.30000305175781,75.30000305175781,75.2750015258789,75.27999877929688,3784,GIS
2024-09-06 12:35:00-04:00,75.28399658203125,75.29000091552734,75.26100158691406,75.26100158691406,5218,GIS
2024-09-06 12:36:00-04:00,75.2699966430664,75.27999877929688,75.25,75.26000213623047,8309,GIS
2024-09-06 12:37:00-04:00,75.26000213623047,75.30999755859375,75.26000213623047,75.30000305175781,7940,GIS
2024-09-06 12:38:00-04:00,75.30000305175781,75.31999969482422,75.30000305175781,75.31999969482422,2643,GIS
2024-09-06 12:39:00-04:00,75.31500244140625,75.31500244140625,75.29000091552734,75.30000305175781,5333,GIS
2024-09-06 12:40:00-04:00,75.30000305175781,75.30000305175781,75.30000305175781,75.30000305175781,1508,GIS
2024-09-06 12:41:00-04:00,75.29000091552734,75.30999755859375,75.29000091552734,75.30999755859375,8793,GIS
2024-09-06 12:42:00-04:00,75.30999755859375,75.33999633789062,75.30000305175781,75.33000183105469,6402,GIS
2024-09-06 12:43:00-04:00,75.33000183105469,75.33000183105469,75.30000305175781,75.30500030517578,2431,GIS
2024-09-06 12:44:00-04:00,75.30000305175781,75.31500244140625,75.30000305175781,75.31500244140625,4074,GIS
2024-09-06 12:45:00-04:00,75.31500244140625,75.31500244140625,75.27999877929688,75.28500366210938,5896,GIS
2024-09-06 12:46:00-04:00,75.28500366210938,75.28500366210938,75.26000213623047,75.27999877929688,6057,GIS
2024-09-06 12:47:00-04:00,75.27999877929688,75.28500366210938,75.27999877929688,75.27999877929688,1620,GIS
2024-09-06 12:48:00-04:00,75.28500366210938,75.28500366210938,75.2699966430664,75.2750015258789,2085,GIS
2024-09-06 12:49:00-04:00,75.2699966430664,75.30500030517578,75.2699966430664,75.30500030517578,5570,GIS
2024-09-06 12:50:00-04:00,75.30500030517578,75.30500030517578,75.29000091552734,75.29499816894531,2255,GIS
2024-09-06 12:51:00-04:00,75.29499816894531,75.30500030517578,75.29000091552734,75.30000305175781,3595,GIS
2024-09-06 12:52:00-04:00,75.30000305175781,75.31999969482422,75.30000305175781,75.31999969482422,4387,GIS
2024-09-06 12:53:00-04:00,75.31999969482422,75.3499984741211,75.31999969482422,75.33999633789062,18279,GIS
2024-09-06 12:54:00-04:00,75.33999633789062,75.375,75.33999633789062,75.37000274658203,5960,GIS
2024-09-06 12:55:00-04:00,75.37000274658203,75.37000274658203,75.33000183105469,75.36000061035156,10533,GIS
2024-09-06 12:56:00-04:00,75.36000061035156,75.37999725341797,75.3550033569336,75.37999725341797,4590,GIS
2024-09-06 12:57:00-04:00,75.38999938964844,75.38999938964844,75.36499786376953,75.36499786376953,3741,GIS
2024-09-06 12:58:00-04:00,75.36499786376953,75.37000274658203,75.36000061035156,75.36000061035156,2611,GIS
2024-09-06 12:59:00-04:00,75.36499786376953,75.37000274658203,75.3550033569336,75.37000274658203,7839,GIS
2024-09-06 13:00:00-04:00,75.37000274658203,75.37000274658203,75.33999633789062,75.33999633789062,3912,GIS
2024-09-06 13:01:00-04:00,75.33000183105469,75.36499786376953,75.33000183105469,75.36499786376953,2503,GIS
2024-09-06 13:02:00-04:00,75.36499786376953,75.36499786376953,75.36000061035156,75.36000061035156,1236,GIS
2024-09-06 13:03:00-04:00,75.36000061035156,75.38500213623047,75.36000061035156,75.37999725341797,2935,GIS
2024-09-06 13:04:00-04:00,75.375,75.375,75.33000183105469,75.33999633789062,6132,GIS
2024-09-06 13:05:00-04:00,75.34500122070312,75.34500122070312,75.31500244140625,75.31999969482422,2047,GIS
2024-09-06 13:06:00-04:00,75.30999755859375,75.30999755859375,75.2699966430664,75.27999877929688,3027,GIS
2024-09-06 13:07:00-04:00,75.27999877929688,75.29499816894531,75.27519989013672,75.29000091552734,4588,GIS
2024-09-06 13:08:00-04:00,75.27999877929688,75.29499816894531,75.2699966430664,75.2699966430664,4058,GIS
2024-09-06 13:09:00-04:00,75.27999877929688,75.29000091552734,75.26499938964844,75.26499938964844,5237,GIS
2024-09-06 13:10:00-04:00,75.26000213623047,75.2699966430664,75.25,75.26000213623047,9177,GIS
2024-09-06 13:11:00-04:00,75.26499938964844,75.27999877929688,75.26499938964844,75.27999877929688,3369,GIS
2024-09-06 13:12:00-04:00,75.27999877929688,75.27999877929688,75.2699966430664,75.27999877929688,1875,GIS
2024-09-06 13:13:00-04:00,75.2699966430664,75.2699966430664,75.24500274658203,75.24500274658203,4854,GIS
2024-09-06 13:14:00-04:00,75.2300033569336,75.2300033569336,75.20999908447266,75.20999908447266,2889,GIS
2024-09-06 13:15:00-04:00,75.22000122070312,75.23999786376953,75.22000122070312,75.23500061035156,4733,GIS
2024-09-06 13:16:00-04:00,75.25,75.25,75.19999694824219,75.20999908447266,5448,GIS
2024-09-06 13:17:00-04:00,75.20999908447266,75.22000122070312,75.0999984741211,75.11000061035156,98793,GIS
2024-09-06 13:18:00-04:00,75.1093978881836,75.11000061035156,75.09500122070312,75.09500122070312,4385,GIS
2024-09-06 13:19:00-04:00,75.08999633789062,75.08999633789062,75.08000183105469,75.08499908447266,2952,GIS
2024-09-06 13:20:00-04:00,75.08499908447266,75.12000274658203,75.07499694824219,75.12000274658203,8530,GIS
2024-09-06 13:21:00-04:00,75.12000274658203,75.15499877929688,75.12000274658203,75.13999938964844,10010,GIS
2024-09-06 13:22:00-04:00,75.1449966430664,75.19499969482422,75.13999938964844,75.19499969482422,5173,GIS
2024-09-06 13:23:00-04:00,75.19999694824219,75.25,75.19999694824219,75.25,7064,GIS
2024-09-06 13:24:00-04:00,75.25,75.27999877929688,75.23999786376953,75.23999786376953,15615,GIS
2024-09-06 13:25:00-04:00,75.2300033569336,75.2300033569336,75.19999694824219,75.19999694824219,3429,GIS
2024-09-06 13:26:00-04:00,75.19999694824219,75.19999694824219,75.12000274658203,75.12000274658203,4251,GIS
2024-09-06 13:27:00-04:00,75.0999984741211,75.12000274658203,75.05999755859375,75.08000183105469,10180,GIS
2024-09-06 13:28:00-04:00,75.08999633789062,75.16000366210938,75.08999633789062,75.16000366210938,4861,GIS
2024-09-06 13:29:00-04:00,75.16000366210938,75.18000030517578,75.1500015258789,75.16000366210938,5994,GIS
2024-09-06 13:30:00-04:00,75.16000366210938,75.19000244140625,75.16000366210938,75.19000244140625,5356,GIS
2024-09-06 13:31:00-04:00,75.18000030517578,75.18000030517578,75.13999938964844,75.13999938964844,9881,GIS
2024-09-06 13:32:00-04:00,75.13999938964844,75.13999938964844,75.12999725341797,75.13999938964844,1722,GIS
2024-09-06 13:33:00-04:00,75.13999938964844,75.19000244140625,75.13999938964844,75.16000366210938,9498,GIS
2024-09-06 13:34:00-04:00,75.16999816894531,75.19000244140625,75.16000366210938,75.19000244140625,3422,GIS
2024-09-06 13:35:00-04:00,75.18000030517578,75.19000244140625,75.12999725341797,75.1449966430664,4462,GIS
2024-09-06 13:36:00-04:00,75.1500015258789,75.18000030517578,75.1500015258789,75.18000030517578,3804,GIS
2024-09-06 13:37:00-04:00,75.19000244140625,75.19999694824219,75.19000244140625,75.19999694824219,3035,GIS
2024-09-06 13:38:00-04:00,75.19999694824219,75.19999694824219,75.16000366210938,75.16999816894531,3666,GIS
2024-09-06 13:39:00-04:00,75.16000366210938,75.16999816894531,75.16000366210938,75.16000366210938,14316,GIS
2024-09-06 13:40:00-04:00,75.16000366210938,75.19000244140625,75.16000366210938,75.19000244140625,6537,GIS
2024-09-06 13:41:00-04:00,75.19999694824219,75.22000122070312,75.19149780273438,75.22000122070312,3472,GIS
2024-09-06 13:42:00-04:00,75.20500183105469,75.20999908447266,75.19499969482422,75.19999694824219,1916,GIS
2024-09-06 13:43:00-04:00,75.20500183105469,75.22000122070312,75.19499969482422,75.20999908447266,2189,GIS
2024-09-06 13:44:00-04:00,75.20999908447266,75.23999786376953,75.20999908447266,75.23500061035156,4586,GIS
2024-09-06 13:45:00-04:00,75.23500061035156,75.26499938964844,75.23500061035156,75.24500274658203,5518,GIS
2024-09-06 13:46:00-04:00,75.25,75.26000213623047,75.25,75.26000213623047,2151,GIS
2024-09-06 13:47:00-04:00,75.2699966430664,75.2699966430664,75.2699966430664,75.2699966430664,1239,GIS
2024-09-06 13:48:00-04:00,75.27999877929688,75.27999877929688,75.26000213623047,75.26499938964844,2476,GIS
2024-09-06 13:49:00-04:00,75.27999877929688,75.27999877929688,75.2699966430664,75.2750015258789,3125,GIS
2024-09-06 13:50:00-04:00,75.2699966430664,75.29000091552734,75.2699966430664,75.27999877929688,2834,GIS
2024-09-06 13:51:00-04:00,75.28500366210938,75.30999755859375,75.27999877929688,75.30000305175781,3332,GIS
2024-09-06 13:52:00-04:00,75.30000305175781,75.30500030517578,75.29000091552734,75.30500030517578,2633,GIS
2024-09-06 13:53:00-04:00,75.30500030517578,75.30999755859375,75.29000091552734,75.29499816894531,3845,GIS
2024-09-06 13:54:00-04:00,75.30000305175781,75.33989715576172,75.30000305175781,75.33000183105469,4031,GIS
2024-09-06 13:55:00-04:00,75.33499908447266,75.3550033569336,75.32499694824219,75.3550033569336,2652,GIS
2024-09-06 13:56:00-04:00,75.3550033569336,75.3550033569336,75.34339904785156,75.3499984741211,3704,GIS
2024-09-06 13:57:00-04:00,75.3499984741211,75.3499984741211,75.33000183105469,75.33000183105469,3158,GIS
2024-09-06 13:58:00-04:00,75.33000183105469,75.34500122070312,75.33000183105469,75.34339904785156,2010,GIS
2024-09-06 13:59:00-04:00,75.34510040283203,75.34510040283203,75.34510040283203,75.34510040283203,653,GIS
2024-09-06 14:00:00-04:00,75.33999633789062,75.34500122070312,75.30999755859375,75.30999755859375,5442,GIS
2024-09-06 14:01:00-04:00,75.30999755859375,75.30999755859375,75.2699966430664,75.2699966430664,4654,GIS
2024-09-06 14:02:00-04:00,75.26000213623047,75.27999877929688,75.25,75.2699966430664,2919,GIS
2024-09-06 14:03:00-04:00,75.27999877929688,75.30000305175781,75.2699966430664,75.2699966430664,23037,GIS
2024-09-06 14:04:00-04:00,75.2699966430664,75.2699966430664,75.25,75.25,2341,GIS
2024-09-06 14:05:00-04:00,75.25,75.26000213623047,75.25,75.26000213623047,3264,GIS
2024-09-06 14:06:00-04:00,75.2699966430664,75.2750015258789,75.26000213623047,75.2750015258789,3030,GIS
2024-09-06 14:07:00-04:00,75.27999877929688,75.29000091552734,75.27999877929688,75.28450012207031,1343,GIS
2024-09-06 14:08:00-04:00,75.28500366210938,75.29000091552734,75.2699966430664,75.29000091552734,4271,GIS
2024-09-06 14:09:00-04:00,75.29000091552734,75.29000091552734,75.27999877929688,75.27999877929688,2384,GIS
2024-09-06 14:10:00-04:00,75.27999877929688,75.2947006225586,75.27410125732422,75.29000091552734,3284,GIS
2024-09-06 14:11:00-04:00,75.27999877929688,75.29499816894531,75.2699966430664,75.27999877929688,5089,GIS
2024-09-06 14:12:00-04:00,75.2750015258789,75.2750015258789,75.26000213623047,75.26000213623047,1977,GIS
2024-09-06 14:13:00-04:00,75.26000213623047,75.26000213623047,75.23999786376953,75.23999786376953,1557,GIS
2024-09-06 14:14:00-04:00,75.23999786376953,75.23999786376953,75.22000122070312,75.22000122070312,3874,GIS
2024-09-06 14:15:00-04:00,75.22000122070312,75.26000213623047,75.20999908447266,75.26000213623047,5075,GIS
2024-09-06 14:16:00-04:00,75.26499938964844,75.30999755859375,75.26499938964844,75.30999755859375,5624,GIS
2024-09-06 14:17:00-04:00,75.30999755859375,75.31500244140625,75.30000305175781,75.31500244140625,5656,GIS
2024-09-06 14:18:00-04:00,75.30999755859375,75.33499908447266,75.30999755859375,75.33000183105469,4104,GIS
2024-09-06 14:19:00-04:00,75.33999633789062,75.36499786376953,75.33000183105469,75.36499786376953,6347,GIS
2024-09-06 14:20:00-04:00,75.36499786376953,75.375,75.36399841308594,75.3739013671875,3621,GIS
2024-09-06 14:21:00-04:00,75.37000274658203,75.41999816894531,75.37000274658203,75.41999816894531,7847,GIS
2024-09-06 14:22:00-04:00,75.41999816894531,75.41999816894531,75.37000274658203,75.37999725341797,11431,GIS
2024-09-06 14:23:00-04:00,75.37999725341797,75.41000366210938,75.375,75.37999725341797,6790,GIS
2024-09-06 14:24:00-04:00,75.37999725341797,75.4000015258789,75.37999725341797,75.37999725341797,3351,GIS
2024-09-06 14:25:00-04:00,75.37999725341797,75.38990020751953,75.37999725341797,75.37999725341797,3552,GIS
2024-09-06 14:26:00-04:00,75.37000274658203,75.38999938964844,75.37000274658203,75.38999938964844,3660,GIS
2024-09-06 14:27:00-04:00,75.38999938964844,75.41000366210938,75.38999938964844,75.41000366210938,1924,GIS
2024-09-06 14:28:00-04:00,75.41059875488281,75.41500091552734,75.4103012084961,75.41500091552734,1882,GIS
2024-09-06 14:29:00-04:00,75.41500091552734,75.43000030517578,75.41000366210938,75.41000366210938,4011,GIS
2024-09-06 14:30:00-04:00,75.41500091552734,75.43499755859375,75.41500091552734,75.43000030517578,2600,GIS
2024-09-06 14:31:00-04:00,75.43000030517578,75.44999694824219,75.43000030517578,75.43000030517578,7226,GIS
2024-09-06 14:32:00-04:00,75.44000244140625,75.45999908447266,75.43000030517578,75.44999694824219,4992,GIS
2024-09-06 14:33:00-04:00,75.44999694824219,75.44999694824219,75.41000366210938,75.43000030517578,4321,GIS
2024-09-06 14:34:00-04:00,75.43000030517578,75.43000030517578,75.42500305175781,75.43000030517578,2574,GIS
2024-09-06 14:35:00-04:00,75.44499969482422,75.45999908447266,75.44499969482422,75.45999908447266,2171,GIS
2024-09-06 14:36:00-04:00,75.44999694824219,75.45999908447266,75.44999694824219,75.44999694824219,2391,GIS
2024-09-06 14:37:00-04:00,75.45999908447266,75.45999908447266,75.42500305175781,75.43000030517578,4945,GIS
2024-09-06 14:38:00-04:00,75.43499755859375,75.47000122070312,75.43499755859375,75.47000122070312,6350,GIS
2024-09-06 14:39:00-04:00,75.4749984741211,75.4800033569336,75.47000122070312,75.4800033569336,4526,GIS
2024-09-06 14:40:00-04:00,75.4800033569336,75.4800033569336,75.44000244140625,75.44999694824219,4400,GIS
2024-09-06 14:41:00-04:00,75.43000030517578,75.44999694824219,75.43000030517578,75.44499969482422,4730,GIS
2024-09-06 14:42:00-04:00,75.44000244140625,75.44000244140625,75.44000244140625,75.44000244140625,1366,GIS
2024-09-06 14:43:00-04:00,75.44000244140625,75.44000244140625,75.43499755859375,75.44000244140625,3234,GIS
2024-09-06 14:44:00-04:00,75.44000244140625,75.44499969482422,75.41000366210938,75.41999816894531,3142,GIS
2024-09-06 14:45:00-04:00,75.41000366210938,75.41500091552734,75.3499984741211,75.3499984741211,3389,GIS
2024-09-06 14:46:00-04:00,75.3499984741211,75.3499984741211,75.33000183105469,75.33000183105469,4880,GIS
2024-09-06 14:47:00-04:00,75.33999633789062,75.33999633789062,75.31999969482422,75.31999969482422,3372,GIS
2024-09-06 14:48:00-04:00,75.32499694824219,75.37999725341797,75.32499694824219,75.36000061035156,8230,GIS
2024-09-06 14:49:00-04:00,75.36000061035156,75.36000061035156,75.33499908447266,75.34500122070312,3072,GIS
2024-09-06 14:50:00-04:00,75.33999633789062,75.33999633789062,75.33000183105469,75.33000183105469,2562,GIS
2024-09-06 14:51:00-04:00,75.33000183105469,75.34500122070312,75.33000183105469,75.34500122070312,2895,GIS
2024-09-06 14:52:00-04:00,75.34500122070312,75.34500122070312,75.33499908447266,75.34500122070312,2563,GIS
2024-09-06 14:53:00-04:00,75.33499908447266,75.3550033569336,75.33499908447266,75.34500122070312,3945,GIS
2024-09-06 14:54:00-04:00,75.36000061035156,75.38999938964844,75.36000061035156,75.37999725341797,17981,GIS
2024-09-06 14:55:00-04:00,75.37999725341797,75.38500213623047,75.37000274658203,75.375,3302,GIS
2024-09-06 14:56:00-04:00,75.375,75.41999816894531,75.37000274658203,75.41500091552734,5194,GIS
2024-09-06 14:57:00-04:00,75.41500091552734,75.44000244140625,75.41000366210938,75.43000030517578,6322,GIS
2024-09-06 14:58:00-04:00,75.43000030517578,75.44000244140625,75.43000030517578,75.43499755859375,3163,GIS
2024-09-06 14:59:00-04:00,75.43499755859375,75.43499755859375,75.43000030517578,75.43000030517578,4452,GIS
2024-09-06 15:00:00-04:00,75.42500305175781,75.47000122070312,75.42500305175781,75.45999908447266,13695,GIS
2024-09-06 15:01:00-04:00,75.45999908447266,75.45999908447266,75.43000030517578,75.45999908447266,6051,GIS
2024-09-06 15:02:00-04:00,75.4749984741211,75.4800033569336,75.47000122070312,75.4749984741211,3309,GIS
2024-09-06 15:03:00-04:00,75.4800033569336,75.50499725341797,75.4800033569336,75.5,7402,GIS
2024-09-06 15:04:00-04:00,75.51000213623047,75.51000213623047,75.48500061035156,75.5,5753,GIS
2024-09-06 15:05:00-04:00,75.50379943847656,75.53500366210938,75.50379943847656,75.51499938964844,6057,GIS
2024-09-06 15:06:00-04:00,75.5199966430664,75.54000091552734,75.51000213623047,75.53500366210938,4818,GIS
2024-09-06 15:07:00-04:00,75.53500366210938,75.53500366210938,75.52999877929688,75.53500366210938,5319,GIS
2024-09-06 15:08:00-04:00,75.53500366210938,75.54000091552734,75.51000213623047,75.51499938964844,10137,GIS
2024-09-06 15:09:00-04:00,75.50499725341797,75.52999877929688,75.4800033569336,75.4800033569336,7577,GIS
2024-09-06 15:10:00-04:00,75.48500061035156,75.48500061035156,75.45999908447266,75.46499633789062,4609,GIS
2024-09-06 15:11:00-04:00,75.45999908447266,75.45999908447266,75.43000030517578,75.43000030517578,3218,GIS
2024-09-06 15:12:00-04:00,75.43000030517578,75.43499755859375,75.41000366210938,75.43000030517578,5580,GIS
2024-09-06 15:13:00-04:00,75.43000030517578,75.43000030517578,75.4000015258789,75.41999816894531,5507,GIS
2024-09-06 15:14:00-04:00,75.41999816894531,75.43000030517578,75.41999816894531,75.43000030517578,4893,GIS
2024-09-06 15:15:00-04:00,75.43000030517578,75.43000030517578,75.41500091552734,75.41500091552734,3924,GIS
2024-09-06 15:16:00-04:00,75.41819763183594,75.41819763183594,75.37999725341797,75.37999725341797,4038,GIS
2024-09-06 15:17:00-04:00,75.375,75.3949966430664,75.375,75.37999725341797,8544,GIS
2024-09-06 15:18:00-04:00,75.38500213623047,75.40499877929688,75.37999725341797,75.40499877929688,7358,GIS
2024-09-06 15:19:00-04:00,75.41000366210938,75.42500305175781,75.4000015258789,75.42500305175781,5072,GIS
2024-09-06 15:20:00-04:00,75.42500305175781,75.42500305175781,75.375,75.375,5933,GIS
2024-09-06 15:21:00-04:00,75.37000274658203,75.37000274658203,75.29000091552734,75.30999755859375,5585,GIS
2024-09-06 15:22:00-04:00,75.30999755859375,75.33000183105469,75.30999755859375,75.33000183105469,3934,GIS
2024-09-06 15:23:00-04:00,75.33499908447266,75.34500122070312,75.31999969482422,75.33000183105469,11348,GIS
2024-09-06 15:24:00-04:00,75.31999969482422,75.33499908447266,75.31999969482422,75.31999969482422,6115,GIS
2024-09-06 15:25:00-04:00,75.31999969482422,75.32499694824219,75.30999755859375,75.31999969482422,4462,GIS
2024-09-06 15:26:00-04:00,75.31500244140625,75.32550048828125,75.30999755859375,75.31999969482422,3469,GIS
2024-09-06 15:27:00-04:00,75.31999969482422,75.34500122070312,75.31500244140625,75.34500122070312,4863,GIS
2024-09-06 15:28:00-04:00,75.3499984741211,75.3499984741211,75.33999633789062,75.3499984741211,6954,GIS
2024-09-06 15:29:00-04:00,75.33999633789062,75.36000061035156,75.33499908447266,75.36000061035156,6430,GIS
2024-09-06 15:30:00-04:00,75.36000061035156,75.36000061035156,75.33000183105469,75.33999633789062,7878,GIS
2024-09-06 15:31:00-04:00,75.3499984741211,75.3499984741211,75.30000305175781,75.30500030517578,10164,GIS
2024-09-06 15:32:00-04:00,75.30999755859375,75.30999755859375,75.26499938964844,75.26499938964844,9743,GIS
2024-09-06 15:33:00-04:00,75.26499938964844,75.26499938964844,75.23999786376953,75.25,8647,GIS
2024-09-06 15:34:00-04:00,75.23999786376953,75.24500274658203,75.18009948730469,75.18499755859375,8169,GIS
2024-09-06 15:35:00-04:00,75.18499755859375,75.18499755859375,75.12999725341797,75.12999725341797,11553,GIS
2024-09-06 15:36:00-04:00,75.125,75.12879943847656,75.08499908447266,75.1050033569336,11320,GIS
2024-09-06 15:37:00-04:00,75.11499786376953,75.125,75.0999984741211,75.11499786376953,7316,GIS
2024-09-06 15:38:00-04:00,75.11499786376953,75.11499786376953,75.09500122070312,75.09519958496094,7447,GIS
2024-09-06 15:39:00-04:00,75.09500122070312,75.0999984741211,75.08260345458984,75.08499908447266,6439,GIS
2024-09-06 15:40:00-04:00,75.0802001953125,75.0802001953125,75.04499816894531,75.05500030517578,18683,GIS
2024-09-06 15:41:00-04:00,75.05500030517578,75.06500244140625,75.0250015258789,75.04000091552734,25863,GIS
2024-09-06 15:42:00-04:00,75.04000091552734,75.05500030517578,75.02999877929688,75.05500030517578,16845,GIS
2024-09-06 15:43:00-04:00,75.05000305175781,75.07499694824219,75.05000305175781,75.06500244140625,11217,GIS
2024-09-06 15:44:00-04:00,75.06500244140625,75.07499694824219,75.04499816894531,75.04499816894531,13284,GIS
2024-09-06 15:45:00-04:00,75.04499816894531,75.07499694824219,75.02999877929688,75.06999969482422,18125,GIS
2024-09-06 15:46:00-04:00,75.06500244140625,75.08499908447266,75.04499816894531,75.04499816894531,21590,GIS
2024-09-06 15:47:00-04:00,75.04499816894531,75.08000183105469,75.04499816894531,75.05500030517578,18311,GIS
2024-09-06 15:48:00-04:00,75.05500030517578,75.05999755859375,75.04499816894531,75.04499816894531,16588,GIS
2024-09-06 15:49:00-04:00,75.05999755859375,75.1050033569336,75.05999755859375,75.09500122070312,17441,GIS
2024-09-06 15:50:00-04:00,75.08999633789062,75.18000030517578,75.0250015258789,75.16000366210938,46345,GIS
2024-09-06 15:51:00-04:00,75.16000366210938,75.17500305175781,75.0999984741211,75.16999816894531,42511,GIS
2024-09-06 15:52:00-04:00,75.16500091552734,75.16500091552734,75.1500015258789,75.16000366210938,17444,GIS
2024-09-06 15:53:00-04:00,75.16500091552734,75.20999908447266,75.15499877929688,75.20500183105469,28621,GIS
2024-09-06 15:54:00-04:00,75.19999694824219,75.26499938964844,75.19499969482422,75.25499725341797,29250,GIS
2024-09-06 15:55:00-04:00,75.25,75.2699966430664,75.20999908447266,75.25499725341797,40061,GIS
2024-09-06 15:56:00-04:00,75.25,75.25,75.1449966430664,75.1449966430664,73086,GIS
2024-09-06 15:57:00-04:00,75.1449966430664,75.16000366210938,75.13500213623047,75.15499877929688,69023,GIS
2024-09-06 15:58:00-04:00,75.16000366210938,75.16000366210938,75.11000061035156,75.11499786376953,90957,GIS
2024-09-06 15:59:00-04:00,75.11499786376953,75.1500015258789,75.05000305175781,75.0999984741211,258690,GIS
2024-09-09 09:30:00-04:00,75.05999755859375,75.2300033569336,74.94000244140625,75.2300033569336,79822,GIS
2024-09-09 09:31:00-04:00,75.23139953613281,75.25,75.0,75.0,10504,GIS
2024-09-09 09:32:00-04:00,74.94000244140625,74.94000244140625,74.75,74.83000183105469,14653,GIS
2024-09-09 09:33:00-04:00,74.81999969482422,74.8499984741211,74.69999694824219,74.76000213623047,17681,GIS
2024-09-09 09:34:00-04:00,74.7300033569336,74.87999725341797,74.70999908447266,74.73999786376953,15708,GIS
2024-09-09 09:35:00-04:00,74.72000122070312,74.75,74.58000183105469,74.58000183105469,10975,GIS
2024-09-09 09:36:00-04:00,74.58000183105469,74.69000244140625,74.5199966430664,74.68000030517578,4813,GIS
2024-09-09 09:37:00-04:00,74.70999908447266,74.79000091552734,74.62999725341797,74.70999908447266,6320,GIS
2024-09-09 09:38:00-04:00,74.69999694824219,74.80999755859375,74.69999694824219,74.7699966430664,8141,GIS
2024-09-09 09:39:00-04:00,74.75,74.75499725341797,74.69499969482422,74.72000122070312,6882,GIS
2024-09-09 09:40:00-04:00,74.72000122070312,74.79000091552734,74.70999908447266,74.73999786376953,6935,GIS
2024-09-09 09:41:00-04:00,74.73500061035156,74.7699966430664,74.73500061035156,74.76000213623047,3661,GIS
2024-09-09 09:42:00-04:00,74.7699966430664,74.91999816894531,74.7699966430664,74.91000366210938,9276,GIS
2024-09-09 09:43:00-04:00,74.92500305175781,74.98500061035156,74.92500305175781,74.94999694824219,5600,GIS
2024-09-09 09:44:00-04:00,74.95999908447266,74.95999908447266,74.93000030517578,74.95999908447266,2569,GIS
2024-09-09 09:45:00-04:00,74.9800033569336,74.9800033569336,74.94000244140625,74.94000244140625,2209,GIS
2024-09-09 09:46:00-04:00,74.94499969482422,75.04000091552734,74.94499969482422,75.0199966430664,6593,GIS
2024-09-09 09:47:00-04:00,74.98999786376953,75.05999755859375,74.98999786376953,75.05000305175781,8522,GIS
2024-09-09 09:48:00-04:00,75.04000091552734,75.11000061035156,75.04000091552734,75.08499908447266,4557,GIS
2024-09-09 09:49:00-04:00,75.08999633789062,75.11499786376953,75.02999877929688,75.05000305175781,10970,GIS
2024-09-09 09:50:00-04:00,75.05000305175781,75.06999969482422,74.9800033569336,74.98999786376953,4022,GIS
2024-09-09 09:51:00-04:00,74.98999786376953,75.05000305175781,74.95999908447266,75.04989624023438,6719,GIS
2024-09-09 09:52:00-04:00,75.05000305175781,75.08000183105469,75.05000305175781,75.05999755859375,4301,GIS
2024-09-09 09:53:00-04:00,75.05999755859375,75.19999694824219,75.05999755859375,75.19000244140625,4117,GIS
2024-09-09 09:54:00-04:00,75.19000244140625,75.19000244140625,75.12999725341797,75.15499877929688,5637,GIS
2024-09-09 09:55:00-04:00,75.16000366210938,75.19999694824219,75.13999938964844,75.19999694824219,5081,GIS
2024-09-09 09:56:00-04:00,75.22000122070312,75.27999877929688,75.20999908447266,75.2750015258789,3690,GIS
2024-09-09 09:57:00-04:00,75.2699966430664,75.31999969482422,75.2300033569336,75.2300033569336,9960,GIS
2024-09-09 09:58:00-04:00,75.22000122070312,75.24500274658203,75.19000244140625,75.21499633789062,6120,GIS
2024-09-09 09:59:00-04:00,75.20999908447266,75.20999908447266,75.12999725341797,75.12999725341797,3610,GIS
2024-09-09 10:00:00-04:00,75.1500015258789,75.20999908447266,75.13999938964844,75.20999908447266,3024,GIS
2024-09-09 10:01:00-04:00,75.22000122070312,75.2300033569336,75.19000244140625,75.19000244140625,6450,GIS
2024-09-09 10:02:00-04:00,75.18000030517578,75.18000030517578,75.12999725341797,75.16000366210938,4902,GIS
2024-09-09 10:03:00-04:00,75.16000366210938,75.16000366210938,75.11000061035156,75.12000274658203,3572,GIS
2024-09-09 10:04:00-04:00,75.11000061035156,75.1500015258789,75.11000061035156,75.13500213623047,7877,GIS
2024-09-09 10:05:00-04:00,75.13999938964844,75.16000366210938,75.13500213623047,75.13999938964844,5005,GIS
2024-09-09 10:06:00-04:00,75.1500015258789,75.16000366210938,75.12999725341797,75.16000366210938,22326,GIS
2024-09-09 10:07:00-04:00,75.16999816894531,75.19999694824219,75.13999938964844,75.18000030517578,6881,GIS
2024-09-09 10:08:00-04:00,75.16999816894531,75.16999816894531,75.0999984741211,75.12000274658203,4401,GIS
2024-09-09 10:09:00-04:00,75.11000061035156,75.16999816894531,75.11000061035156,75.16000366210938,3941,GIS
2024-09-09 10:10:00-04:00,75.1500015258789,75.1500015258789,75.114501953125,75.12000274658203,2785,GIS
2024-09-09 10:11:00-04:00,75.12000274658203,75.12000274658203,75.06999969482422,75.06999969482422,5977,GIS
2024-09-09 10:12:00-04:00,75.08000183105469,75.08999633789062,75.04000091552734,75.04000091552734,3947,GIS
2024-09-09 10:13:00-04:00,75.04000091552734,75.04000091552734,74.9800033569336,75.0250015258789,7726,GIS
2024-09-09 10:14:00-04:00,75.0199966430664,75.0199966430664,74.98999786376953,74.98999786376953,4849,GIS
2024-09-09 10:15:00-04:00,74.98999786376953,75.0199966430664,74.98999786376953,75.01000213623047,3228,GIS
2024-09-09 10:16:00-04:00,75.0,75.04000091552734,74.98999786376953,75.02999877929688,6581,GIS
2024-09-09 10:17:00-04:00,75.04000091552734,75.06999969482422,75.0199966430664,75.06500244140625,4896,GIS
2024-09-09 10:18:00-04:00,75.06999969482422,75.1500015258789,75.05999755859375,75.1500015258789,5509,GIS
2024-09-09 10:19:00-04:00,75.19000244140625,75.22000122070312,75.13999938964844,75.1500015258789,5928,GIS
2024-09-09 10:20:00-04:00,75.16000366210938,75.22000122070312,75.16000366210938,75.19999694824219,7351,GIS
2024-09-09 10:21:00-04:00,75.20500183105469,75.2300033569336,75.18000030517578,75.19499969482422,4114,GIS
2024-09-09 10:22:00-04:00,75.19999694824219,75.20999908447266,75.18000030517578,75.19999694824219,3307,GIS
2024-09-09 10:23:00-04:00,75.20500183105469,75.20999908447266,75.18000030517578,75.20999908447266,9797,GIS
2024-09-09 10:24:00-04:00,75.19499969482422,75.26000213623047,75.16999816894531,75.19999694824219,11975,GIS
2024-09-09 10:25:00-04:00,75.19999694824219,75.30000305175781,75.19999694824219,75.2249984741211,10785,GIS
2024-09-09 10:26:00-04:00,75.2249984741211,75.2300033569336,75.19999694824219,75.20999908447266,9013,GIS
2024-09-09 10:27:00-04:00,75.19999694824219,75.2605972290039,75.19000244140625,75.2605972290039,9799,GIS
2024-09-09 10:28:00-04:00,75.2300033569336,75.34500122070312,75.2300033569336,75.34500122070312,9006,GIS
2024-09-09 10:29:00-04:00,75.3499984741211,75.3499984741211,75.25,75.26000213623047,10994,GIS
2024-09-09 10:30:00-04:00,75.28060150146484,75.36000061035156,75.2699966430664,75.3499984741211,6160,GIS
2024-09-09 10:31:00-04:00,75.33999633789062,75.38829803466797,75.31999969482422,75.33000183105469,6766,GIS
2024-09-09 10:32:00-04:00,75.3499984741211,75.36000061035156,75.31999969482422,75.36000061035156,3791,GIS
2024-09-09 10:33:00-04:00,75.36000061035156,75.37000274658203,75.30000305175781,75.36499786376953,7962,GIS
2024-09-09 10:34:00-04:00,75.30000305175781,75.30000305175781,75.30000305175781,75.30000305175781,6860,GIS
2024-09-09 10:35:00-04:00,75.31500244140625,75.31500244140625,75.25,75.25,3704,GIS
2024-09-09 10:36:00-04:00,75.2699966430664,75.31999969482422,75.2699966430664,75.31999969482422,5184,GIS
2024-09-09 10:37:00-04:00,75.31999969482422,75.41000366210938,75.30999755859375,75.4000015258789,5911,GIS
2024-09-09 10:38:00-04:00,75.38999938964844,75.41500091552734,75.37999725341797,75.41500091552734,3602,GIS
2024-09-09 10:39:00-04:00,75.41999816894531,75.44000244140625,75.41000366210938,75.41000366210938,5421,GIS
2024-09-09 10:40:00-04:00,75.41000366210938,75.41500091552734,75.37000274658203,75.39849853515625,6722,GIS
2024-09-09 10:41:00-04:00,75.38999938964844,75.41000366210938,75.37999725341797,75.4000015258789,5757,GIS
2024-09-09 10:42:00-04:00,75.38999938964844,75.41000366210938,75.37999725341797,75.37999725341797,7697,GIS
2024-09-09 10:43:00-04:00,75.37000274658203,75.37999725341797,75.32499694824219,75.37999725341797,7739,GIS
2024-09-09 10:44:00-04:00,75.37999725341797,75.39179992675781,75.37999725341797,75.39179992675781,2983,GIS
2024-09-09 10:45:00-04:00,75.39949798583984,75.41999816894531,75.37999725341797,75.38999938964844,7434,GIS
2024-09-09 10:46:00-04:00,75.37000274658203,75.38500213623047,75.36000061035156,75.37999725341797,5344,GIS
2024-09-09 10:47:00-04:00,75.36000061035156,75.38999938964844,75.36000061035156,75.37999725341797,4346,GIS
2024-09-09 10:48:00-04:00,75.38999938964844,75.44999694824219,75.38999938964844,75.4000015258789,9466,GIS
2024-09-09 10:49:00-04:00,75.41000366210938,75.44000244140625,75.37999725341797,75.38999938964844,8335,GIS
2024-09-09 10:52:00-04:00,75.3550033569336,75.37999725341797,75.3550033569336,75.37000274658203,15635,GIS
2024-09-09 10:53:00-04:00,75.38999938964844,75.41999816894531,75.38999938964844,75.41000366210938,8479,GIS
2024-09-09 10:54:00-04:00,75.44000244140625,75.44999694824219,75.4000015258789,75.4000015258789,6703,GIS
2024-09-09 10:55:00-04:00,75.41000366210938,75.41000366210938,75.3499984741211,75.3499984741211,8358,GIS
2024-09-09 10:56:00-04:00,75.36000061035156,75.38500213623047,75.3501968383789,75.36000061035156,5569,GIS
2024-09-09 10:57:00-04:00,75.37000274658203,75.41000366210938,75.37000274658203,75.41000366210938,3852,GIS
2024-09-09 10:58:00-04:00,75.41000366210938,75.45999908447266,75.4000015258789,75.45999908447266,6235,GIS
2024-09-09 10:59:00-04:00,75.45999908447266,75.45999908447266,75.36000061035156,75.36000061035156,11648,GIS
2024-09-09 11:00:00-04:00,75.37999725341797,75.38999938964844,75.30999755859375,75.30999755859375,4444,GIS
2024-09-09 11:01:00-04:00,75.31999969482422,75.37000274658203,75.31999969482422,75.3499984741211,6822,GIS
2024-09-09 11:02:00-04:00,75.36000061035156,75.37000274658203,75.3550033569336,75.3550033569336,1850,GIS
2024-09-09 11:03:00-04:00,75.36499786376953,75.36499786376953,75.33000183105469,75.33999633789062,3753,GIS
2024-09-09 11:04:00-04:00,75.32499694824219,75.33999633789062,75.30000305175781,75.30829620361328,2050,GIS
2024-09-09 11:05:00-04:00,75.30000305175781,75.33000183105469,75.29000091552734,75.33000183105469,4566,GIS
2024-09-09 11:06:00-04:00,75.33000183105469,75.3499984741211,75.30000305175781,75.3499984741211,4519,GIS
2024-09-09 11:07:00-04:00,75.3499984741211,75.37000274658203,75.2699966430664,75.29000091552734,6020,GIS
2024-09-09 11:08:00-04:00,75.29000091552734,75.30999755859375,75.27999877929688,75.30000305175781,4738,GIS
2024-09-09 11:09:00-04:00,75.30999755859375,75.30999755859375,75.29000091552734,75.30000305175781,3068,GIS
2024-09-09 11:10:00-04:00,75.29000091552734,75.33000183105469,75.29000091552734,75.33000183105469,4236,GIS
2024-09-09 11:11:00-04:00,75.33000183105469,75.37000274658203,75.32499694824219,75.36499786376953,5761,GIS
2024-09-09 11:12:00-04:00,75.37000274658203,75.37000274658203,75.30000305175781,75.30000305175781,5709,GIS
2024-09-09 11:13:00-04:00,75.30999755859375,75.30999755859375,75.2300033569336,75.2699966430664,9061,GIS
2024-09-09 11:14:00-04:00,75.27999877929688,75.28500366210938,75.26000213623047,75.26000213623047,3102,GIS
2024-09-09 11:15:00-04:00,75.2699966430664,75.2699966430664,75.20999908447266,75.20999908447266,3939,GIS
2024-09-09 11:16:00-04:00,75.19999694824219,75.22000122070312,75.18000030517578,75.19000244140625,8916,GIS
2024-09-09 11:17:00-04:00,75.18009948730469,75.23999786376953,75.18009948730469,75.22000122070312,4762,GIS
2024-09-09 11:18:00-04:00,75.22000122070312,75.22000122070312,75.19000244140625,75.19000244140625,3096,GIS
2024-09-09 11:19:00-04:00,75.19499969482422,75.19499969482422,75.12999725341797,75.12999725341797,4556,GIS
2024-09-09 11:20:00-04:00,75.13500213623047,75.16020202636719,75.13500213623047,75.16020202636719,6106,GIS
2024-09-09 11:21:00-04:00,75.16000366210938,75.16999816894531,75.13999938964844,75.1449966430664,4984,GIS
2024-09-09 11:22:00-04:00,75.1449966430664,75.16999816894531,75.1449966430664,75.16999816894531,2927,GIS
2024-09-09 11:23:00-04:00,75.16000366210938,75.2300033569336,75.16000366210938,75.2300033569336,6232,GIS
2024-09-09 11:24:00-04:00,75.22650146484375,75.2300033569336,75.19000244140625,75.19999694824219,5216,GIS
2024-09-09 11:25:00-04:00,75.20500183105469,75.20999908447266,75.19000244140625,75.19499969482422,3833,GIS
2024-09-09 11:26:00-04:00,75.19999694824219,75.20999908447266,75.19499969482422,75.19999694824219,3619,GIS
2024-09-09 11:27:00-04:00,75.20999908447266,75.23999786376953,75.20999908447266,75.23500061035156,2382,GIS
2024-09-09 11:28:00-04:00,75.24500274658203,75.26000213623047,75.2300033569336,75.23999786376953,7093,GIS
2024-09-09 11:29:00-04:00,75.2300033569336,75.2300033569336,75.19000244140625,75.19999694824219,5102,GIS
2024-09-09 11:30:00-04:00,75.20999908447266,75.24500274658203,75.20999908447266,75.23999786376953,5397,GIS
2024-09-09 11:31:00-04:00,75.26499938964844,75.2699966430664,75.26000213623047,75.2699966430664,2887,GIS
2024-09-09 11:32:00-04:00,75.26499938964844,75.29000091552734,75.26499938964844,75.27999877929688,2226,GIS
2024-09-09 11:33:00-04:00,75.29000091552734,75.31500244140625,75.2699966430664,75.31500244140625,8144,GIS
2024-09-09 11:34:00-04:00,75.31500244140625,75.31999969482422,75.29000091552734,75.29499816894531,5913,GIS
2024-09-09 11:35:00-04:00,75.29000091552734,75.30999755859375,75.26000213623047,75.29000091552734,12170,GIS
2024-09-09 11:36:00-04:00,75.28500366210938,75.30000305175781,75.2699966430664,75.30000305175781,2893,GIS
2024-09-09 11:37:00-04:00,75.31999969482422,75.3499984741211,75.30999755859375,75.3499984741211,3247,GIS
2024-09-09 11:38:00-04:00,75.3554916381836,75.3949966430664,75.3554916381836,75.3949966430664,1755,GIS
2024-09-09 11:39:00-04:00,75.3949966430664,75.4000015258789,75.37999725341797,75.38999938964844,4659,GIS
2024-09-09 11:40:00-04:00,75.37999725341797,75.37999725341797,75.36000061035156,75.37999725341797,3701,GIS
2024-09-09 11:41:00-04:00,75.37999725341797,75.37999725341797,75.33999633789062,75.33999633789062,8834,GIS
2024-09-09 11:42:00-04:00,75.34500122070312,75.36000061035156,75.33999633789062,75.3499984741211,6829,GIS
2024-09-09 11:43:00-04:00,75.36000061035156,75.41000366210938,75.36000061035156,75.41000366210938,5363,GIS
2024-09-09 11:44:00-04:00,75.4000015258789,75.4000015258789,75.37999725341797,75.37999725341797,3851,GIS
2024-09-09 11:45:00-04:00,75.37000274658203,75.43000030517578,75.37000274658203,75.43000030517578,6285,GIS
2024-09-09 11:46:00-04:00,75.41999816894531,75.44499969482422,75.4000015258789,75.43000030517578,9485,GIS
2024-09-09 11:47:00-04:00,75.43000030517578,75.43000030517578,75.41999816894531,75.41999816894531,2122,GIS
2024-09-09 11:48:00-04:00,75.42500305175781,75.42500305175781,75.37999725341797,75.4000015258789,5132,GIS
2024-09-09 11:49:00-04:00,75.3951416015625,75.3951416015625,75.375,75.38999938964844,7333,GIS
2024-09-09 11:50:00-04:00,75.41000366210938,75.41000366210938,75.37000274658203,75.37000274658203,1597,GIS
2024-09-09 11:51:00-04:00,75.37000274658203,75.37000274658203,75.33000183105469,75.33000183105469,12135,GIS
2024-09-09 11:52:00-04:00,75.31999969482422,75.3499984741211,75.31500244140625,75.3499984741211,5057,GIS
2024-09-09 11:53:00-04:00,75.3550033569336,75.36000061035156,75.33000183105469,75.33000183105469,6750,GIS
2024-09-09 11:55:00-04:00,75.26000213623047,75.26000213623047,75.26000213623047,75.26000213623047,4809,GIS
2024-09-09 11:56:00-04:00,75.2699966430664,75.27999877929688,75.23999786376953,75.23999786376953,4420,GIS
2024-09-09 11:57:00-04:00,75.24500274658203,75.24500274658203,75.18000030517578,75.18499755859375,4535,GIS
2024-09-09 11:58:00-04:00,75.18499755859375,75.19499969482422,75.16999816894531,75.16999816894531,3232,GIS
2024-09-09 11:59:00-04:00,75.16999816894531,75.16999816894531,75.1500015258789,75.15010070800781,4688,GIS
2024-09-09 12:00:00-04:00,75.15499877929688,75.26000213623047,75.15499877929688,75.23999786376953,14397,GIS
2024-09-09 12:01:00-04:00,75.23999786376953,75.25,75.2300033569336,75.23999786376953,1786,GIS
2024-09-09 12:02:00-04:00,75.2300033569336,75.23500061035156,75.22000122070312,75.2249984741211,2950,GIS
2024-09-09 12:03:00-04:00,75.2249984741211,75.23999786376953,75.2249984741211,75.2300033569336,1983,GIS
2024-09-09 12:04:00-04:00,75.23500061035156,75.23500061035156,75.20500183105469,75.20500183105469,4185,GIS
2024-09-09 12:05:00-04:00,75.19999694824219,75.23999786376953,75.19999694824219,75.23999786376953,5541,GIS
2024-09-09 12:06:00-04:00,75.25,75.26000213623047,75.23999786376953,75.26000213623047,2161,GIS
2024-09-09 12:07:00-04:00,75.26000213623047,75.26499938964844,75.25909423828125,75.25909423828125,2330,GIS
2024-09-09 12:08:00-04:00,75.25499725341797,75.25499725341797,75.2300033569336,75.2300033569336,3358,GIS
2024-09-09 12:09:00-04:00,75.25,75.26000213623047,75.25,75.26000213623047,3612,GIS
2024-09-09 12:10:00-04:00,75.26499938964844,75.28500366210938,75.26499938964844,75.28500366210938,3642,GIS
2024-09-09 12:11:00-04:00,75.27999877929688,75.27999877929688,75.26000213623047,75.26000213623047,5145,GIS
2024-09-09 12:12:00-04:00,75.25454711914062,75.25454711914062,75.23999786376953,75.23999786376953,2026,GIS
2024-09-09 12:13:00-04:00,75.23999786376953,75.2699966430664,75.23999786376953,75.26499938964844,2397,GIS
2024-09-09 12:14:00-04:00,75.26000213623047,75.27999877929688,75.23999786376953,75.26000213623047,7831,GIS
2024-09-09 12:15:00-04:00,75.2699966430664,75.2699966430664,75.26000213623047,75.26010131835938,2854,GIS
2024-09-09 12:16:00-04:00,75.2699966430664,75.27999877929688,75.2699966430664,75.27999877929688,1876,GIS
2024-09-09 12:17:00-04:00,75.27999877929688,75.30000305175781,75.2699966430664,75.29499816894531,4032,GIS
2024-09-09 12:18:00-04:00,75.29499816894531,75.30000305175781,75.2699966430664,75.28500366210938,4714,GIS
2024-09-09 12:19:00-04:00,75.28600311279297,75.28600311279297,75.2750015258789,75.2750015258789,1797,GIS
2024-09-09 12:20:00-04:00,75.2699966430664,75.2699966430664,75.25,75.25499725341797,5946,GIS
2024-09-09 12:21:00-04:00,75.25499725341797,75.2750015258789,75.25499725341797,75.2699966430664,5607,GIS
2024-09-09 12:22:00-04:00,75.2699966430664,75.2699966430664,75.26499938964844,75.26930236816406,2080,GIS
2024-09-09 12:23:00-04:00,75.26000213623047,75.26000213623047,75.23999786376953,75.25499725341797,4141,GIS
2024-09-09 12:24:00-04:00,75.26000213623047,75.30000305175781,75.26000213623047,75.30000305175781,10034,GIS
2024-09-09 12:25:00-04:00,75.29000091552734,75.29000091552734,75.26000213623047,75.26000213623047,7003,GIS
2024-09-09 12:26:00-04:00,75.26499938964844,75.26499938964844,75.25,75.25,12111,GIS
2024-09-09 12:27:00-04:00,75.25,75.26499938964844,75.2300033569336,75.25,7223,GIS
2024-09-09 12:28:00-04:00,75.25499725341797,75.25499725341797,75.2300033569336,75.24009704589844,3373,GIS
2024-09-09 12:29:00-04:00,75.25,75.27999877929688,75.24500274658203,75.26000213623047,7046,GIS
2024-09-09 12:30:00-04:00,75.26499938964844,75.26499938964844,75.25,75.25,2413,GIS
2024-09-09 12:31:00-04:00,75.25,75.25,75.23999786376953,75.23999786376953,2387,GIS
2024-09-09 12:32:00-04:00,75.23999786376953,75.25499725341797,75.23999786376953,75.25499725341797,4738,GIS
2024-09-09 12:33:00-04:00,75.26000213623047,75.2699966430664,75.26000213623047,75.2699966430664,2204,GIS
2024-09-09 12:34:00-04:00,75.26000213623047,75.2699966430664,75.25499725341797,75.2699966430664,3131,GIS
2024-09-09 12:35:00-04:00,75.26000213623047,75.27850341796875,75.26000213623047,75.2750015258789,3930,GIS
2024-09-09 12:36:00-04:00,75.2750015258789,75.30999755859375,75.2750015258789,75.30000305175781,6259,GIS
2024-09-09 12:37:00-04:00,75.29000091552734,75.30000305175781,75.29000091552734,75.29000091552734,2131,GIS
2024-09-09 12:38:00-04:00,75.29499816894531,75.33999633789062,75.29499816894531,75.33999633789062,4053,GIS
2024-09-09 12:39:00-04:00,75.33999633789062,75.3770980834961,75.32499694824219,75.3770980834961,5349,GIS
2024-09-09 12:40:00-04:00,75.3949966430664,75.41500091552734,75.3949966430664,75.41000366210938,4157,GIS
2024-09-09 12:41:00-04:00,75.41000366210938,75.41000366210938,75.3499984741211,75.3499984741211,11921,GIS
2024-09-09 12:42:00-04:00,75.3499984741211,75.3550033569336,75.3499984741211,75.3499984741211,3927,GIS
2024-09-09 12:43:00-04:00,75.33999633789062,75.33999633789062,75.31999969482422,75.33499908447266,2918,GIS
2024-09-09 12:44:00-04:00,75.33499908447266,75.33499908447266,75.30999755859375,75.32499694824219,3142,GIS
2024-09-09 12:45:00-04:00,75.31999969482422,75.3499984741211,75.31999969482422,75.33999633789062,3769,GIS
2024-09-09 12:46:00-04:00,75.33499908447266,75.3499984741211,75.33499908447266,75.33999633789062,1498,GIS
2024-09-09 12:47:00-04:00,75.33000183105469,75.34500122070312,75.30999755859375,75.31500244140625,2751,GIS
2024-09-09 12:48:00-04:00,75.30999755859375,75.30999755859375,75.27999877929688,75.28453063964844,2072,GIS
2024-09-09 12:49:00-04:00,75.28500366210938,75.28500366210938,75.26000213623047,75.2699966430664,2545,GIS
2024-09-09 12:50:00-04:00,75.2699966430664,75.2699966430664,75.25,75.2699966430664,4012,GIS
2024-09-09 12:51:00-04:00,75.27999877929688,75.28500366210938,75.2699966430664,75.2699966430664,2028,GIS
2024-09-09 12:52:00-04:00,75.26000213623047,75.26000213623047,75.23999786376953,75.25499725341797,3370,GIS
2024-09-09 12:53:00-04:00,75.25499725341797,75.2699966430664,75.25499725341797,75.26000213623047,1830,GIS
2024-09-09 12:54:00-04:00,75.26499938964844,75.29000091552734,75.26000213623047,75.29000091552734,5300,GIS
2024-09-09 12:55:00-04:00,75.28500366210938,75.28500366210938,75.27999877929688,75.27999877929688,1143,GIS
2024-09-09 12:56:00-04:00,75.29000091552734,75.30000305175781,75.27999877929688,75.27999877929688,3368,GIS
2024-09-09 12:57:00-04:00,75.29000091552734,75.29000091552734,75.26000213623047,75.28500366210938,12653,GIS
2024-09-09 12:58:00-04:00,75.30000305175781,75.32939910888672,75.30000305175781,75.31999969482422,5835,GIS
2024-09-09 12:59:00-04:00,75.30999755859375,75.31999969482422,75.30999755859375,75.30999755859375,7056,GIS
2024-09-09 13:00:00-04:00,75.30000305175781,75.30999755859375,75.30000305175781,75.30999755859375,4382,GIS
2024-09-09 13:01:00-04:00,75.30999755859375,75.31999969482422,75.27999877929688,75.27999877929688,6097,GIS
2024-09-09 13:02:00-04:00,75.28500366210938,75.28500366210938,75.2699966430664,75.2699966430664,2778,GIS
2024-09-09 13:03:00-04:00,75.2699966430664,75.28500366210938,75.2699966430664,75.2750015258789,3986,GIS
2024-09-09 13:04:00-04:00,75.2699966430664,75.2699966430664,75.2300033569336,75.2300033569336,1574,GIS
2024-09-09 13:05:00-04:00,75.2300033569336,75.2300033569336,75.19999694824219,75.19999694824219,2141,GIS
2024-09-09 13:06:00-04:00,75.19999694824219,75.19999694824219,75.13999938964844,75.13999938964844,2037,GIS
2024-09-09 13:07:00-04:00,75.14019775390625,75.1449966430664,75.13500213623047,75.13999938964844,3421,GIS
2024-09-09 13:08:00-04:00,75.1449966430664,75.16999816894531,75.1449966430664,75.16500091552734,3506,GIS
2024-09-09 13:09:00-04:00,75.16000366210938,75.16999816894531,75.16000366210938,75.16000366210938,1264,GIS
2024-09-09 13:10:00-04:00,75.16500091552734,75.18000030517578,75.1500015258789,75.16000366210938,9474,GIS
2024-09-09 13:11:00-04:00,75.16500091552734,75.16500091552734,75.13999938964844,75.13999938964844,3397,GIS
2024-09-09 13:12:00-04:00,75.12999725341797,75.16000366210938,75.11000061035156,75.16000366210938,4827,GIS
2024-09-09 13:13:00-04:00,75.1500015258789,75.1500015258789,75.13999938964844,75.13999938964844,3385,GIS
2024-09-09 13:14:00-04:00,75.1500015258789,75.16000366210938,75.1500015258789,75.1500015258789,1751,GIS
2024-09-09 13:15:00-04:00,75.1500015258789,75.15499877929688,75.1500015258789,75.15499877929688,1916,GIS
2024-09-09 13:16:00-04:00,75.15499877929688,75.16999816894531,75.13999938964844,75.1449966430664,5453,GIS
2024-09-09 13:17:00-04:00,75.13999938964844,75.13999938964844,75.12999725341797,75.13500213623047,1661,GIS
2024-09-09 13:18:00-04:00,75.12999725341797,75.13999938964844,75.12999725341797,75.12999725341797,980,GIS
2024-09-09 13:19:00-04:00,75.12999725341797,75.13500213623047,75.12000274658203,75.12999725341797,5729,GIS
2024-09-09 13:20:00-04:00,75.11000061035156,75.125,75.11000061035156,75.12000274658203,2435,GIS
2024-09-09 13:21:00-04:00,75.11499786376953,75.11499786376953,75.08999633789062,75.08999633789062,4725,GIS
2024-09-09 13:22:00-04:00,75.0999984741211,75.12000274658203,75.0999984741211,75.1050033569336,5361,GIS
2024-09-09 13:23:00-04:00,75.1050033569336,75.12000274658203,75.1050033569336,75.11499786376953,2365,GIS
2024-09-09 13:24:00-04:00,75.11000061035156,75.11499786376953,75.1050033569336,75.1050033569336,3819,GIS
2024-09-09 13:25:00-04:00,75.11499786376953,75.11499786376953,75.0999984741211,75.0999984741211,3106,GIS
2024-09-09 13:26:00-04:00,75.1050033569336,75.11499786376953,75.0999984741211,75.11499786376953,3505,GIS
2024-09-09 13:27:00-04:00,75.12000274658203,75.12999725341797,75.12000274658203,75.125,3213,GIS
2024-09-09 13:28:00-04:00,75.125,75.125,75.12000274658203,75.12000274658203,2868,GIS
2024-09-09 13:29:00-04:00,75.11000061035156,75.125,75.1050033569336,75.125,8866,GIS
2024-09-09 13:30:00-04:00,75.12969970703125,75.13999938964844,75.12000274658203,75.12000274658203,4290,GIS
2024-09-09 13:31:00-04:00,75.12000274658203,75.15499877929688,75.12000274658203,75.1500015258789,3405,GIS
2024-09-09 13:32:00-04:00,75.15499877929688,75.15499877929688,75.11000061035156,75.12000274658203,14323,GIS
2024-09-09 13:33:00-04:00,75.125,75.16999816894531,75.125,75.16999816894531,4292,GIS
2024-09-09 13:34:00-04:00,75.16500091552734,75.18499755859375,75.16500091552734,75.18499755859375,2799,GIS
2024-09-09 13:35:00-04:00,75.18000030517578,75.18000030517578,75.1500015258789,75.1500015258789,6170,GIS
2024-09-09 13:36:00-04:00,75.1500015258789,75.16999816894531,75.13999938964844,75.16999816894531,3529,GIS
2024-09-09 13:37:00-04:00,75.18000030517578,75.18000030517578,75.16999816894531,75.18000030517578,2181,GIS
2024-09-09 13:38:00-04:00,75.18000030517578,75.18499755859375,75.16999816894531,75.17500305175781,3023,GIS
2024-09-09 13:39:00-04:00,75.16999816894531,75.17500305175781,75.16999816894531,75.16999816894531,2126,GIS
2024-09-09 13:40:00-04:00,75.17500305175781,75.18499755859375,75.16999816894531,75.18000030517578,4472,GIS
2024-09-09 13:41:00-04:00,75.18000030517578,75.19999694824219,75.18000030517578,75.19000244140625,2343,GIS
2024-09-09 13:42:00-04:00,75.19499969482422,75.20999908447266,75.19000244140625,75.20500183105469,3540,GIS
2024-09-09 13:43:00-04:00,75.20500183105469,75.2300033569336,75.19999694824219,75.19999694824219,6003,GIS
2024-09-09 13:44:00-04:00,75.19999694824219,75.22000122070312,75.19000244140625,75.20999908447266,6176,GIS
2024-09-09 13:45:00-04:00,75.19999694824219,75.19999694824219,75.18000030517578,75.18000030517578,4346,GIS
2024-09-09 13:46:00-04:00,75.17500305175781,75.19000244140625,75.16999816894531,75.19000244140625,4823,GIS
2024-09-09 13:47:00-04:00,75.19000244140625,75.19999694824219,75.18000030517578,75.19000244140625,2575,GIS
2024-09-09 13:48:00-04:00,75.20449829101562,75.20999908447266,75.19999694824219,75.20999908447266,1018,GIS
2024-09-09 13:49:00-04:00,75.20500183105469,75.20999908447266,75.19999694824219,75.20999908447266,1082,GIS
2024-09-09 13:50:00-04:00,75.19999694824219,75.19999694824219,75.1500015258789,75.16500091552734,8414,GIS
2024-09-09 13:51:00-04:00,75.16000366210938,75.16000366210938,75.125,75.12999725341797,5526,GIS
2024-09-09 13:52:00-04:00,75.12999725341797,75.12999725341797,75.08999633789062,75.0999984741211,11759,GIS
2024-09-09 13:53:00-04:00,75.0999984741211,75.11000061035156,75.0999984741211,75.0999984741211,5636,GIS
2024-09-09 13:54:00-04:00,75.1050033569336,75.12999725341797,75.0999984741211,75.12000274658203,6375,GIS
2024-09-09 13:55:00-04:00,75.125,75.1449966430664,75.12049865722656,75.13999938964844,2426,GIS
2024-09-09 13:56:00-04:00,75.1449966430664,75.1500015258789,75.13500213623047,75.1500015258789,3850,GIS
2024-09-09 13:57:00-04:00,75.13999938964844,75.13999938964844,75.13500213623047,75.13999938964844,2594,GIS
2024-09-09 13:58:00-04:00,75.15499877929688,75.18000030517578,75.15499877929688,75.18000030517578,4125,GIS
2024-09-09 13:59:00-04:00,75.16999816894531,75.16999816894531,75.13500213623047,75.13500213623047,2732,GIS
2024-09-09 14:00:00-04:00,75.13500213623047,75.13500213623047,75.12000274658203,75.13500213623047,2999,GIS
2024-09-09 14:01:00-04:00,75.12999725341797,75.1500015258789,75.125,75.1500015258789,7422,GIS
2024-09-09 14:02:00-04:00,75.1552963256836,75.1552963256836,75.11000061035156,75.11499786376953,6145,GIS
2024-09-09 14:03:00-04:00,75.11499786376953,75.13999938964844,75.1050033569336,75.13999938964844,4248,GIS
2024-09-09 14:04:00-04:00,75.13500213623047,75.13500213623047,75.125,75.125,1762,GIS
2024-09-09 14:05:00-04:00,75.125,75.13999938964844,75.125,75.125,2897,GIS
2024-09-09 14:06:00-04:00,75.12999725341797,75.12999725341797,75.06999969482422,75.06999969482422,3894,GIS
2024-09-09 14:07:00-04:00,75.06999969482422,75.11000061035156,75.05999755859375,75.0999984741211,6219,GIS
2024-09-09 14:08:00-04:00,75.10130310058594,75.10130310058594,75.08000183105469,75.08000183105469,3217,GIS
2024-09-09 14:09:00-04:00,75.08000183105469,75.08000183105469,75.05000305175781,75.05059814453125,2393,GIS
2024-09-09 14:10:00-04:00,75.04000091552734,75.04000091552734,74.98999786376953,74.98999786376953,7713,GIS
2024-09-09 14:11:00-04:00,74.99500274658203,75.01499938964844,74.98999786376953,75.01000213623047,7684,GIS
2024-09-09 14:12:00-04:00,75.01000213623047,75.0199966430664,75.01000213623047,75.01000213623047,6669,GIS
2024-09-09 14:13:00-04:00,75.01000213623047,75.0199966430664,74.98500061035156,75.01499938964844,6670,GIS
2024-09-09 14:14:00-04:00,75.0199966430664,75.04000091552734,75.0199966430664,75.04000091552734,5934,GIS
2024-09-09 14:15:00-04:00,75.04499816894531,75.04499816894531,74.99500274658203,74.99500274658203,6498,GIS
2024-09-09 14:16:00-04:00,74.9800033569336,74.9999008178711,74.9800033569336,74.98999786376953,4735,GIS
2024-09-09 14:17:00-04:00,74.98999786376953,74.99130249023438,74.94999694824219,74.94999694824219,7378,GIS
2024-09-09 14:18:00-04:00,74.95999908447266,74.97000122070312,74.95010375976562,74.95999908447266,5365,GIS
2024-09-09 14:19:00-04:00,74.96499633789062,74.9800033569336,74.93499755859375,74.93499755859375,10058,GIS
2024-09-09 14:20:00-04:00,74.92019653320312,74.94000244140625,74.91999816894531,74.92500305175781,10400,GIS
2024-09-09 14:21:00-04:00,74.92500305175781,74.92500305175781,74.8949966430664,74.91500091552734,9742,GIS
2024-09-09 14:22:00-04:00,74.91500091552734,74.91999816894531,74.87999725341797,74.87999725341797,7382,GIS
2024-09-09 14:23:00-04:00,74.875,74.93499755859375,74.86000061035156,74.88999938964844,38537,GIS
2024-09-09 14:24:00-04:00,74.87999725341797,74.91000366210938,74.86499786376953,74.87000274658203,25863,GIS
2024-09-09 14:25:00-04:00,74.87999725341797,74.91999816894531,74.87000274658203,74.87000274658203,13698,GIS
2024-09-09 14:26:00-04:00,74.87000274658203,74.88999938964844,74.86000061035156,74.86000061035156,6690,GIS
2024-09-09 14:27:00-04:00,74.86000061035156,74.89990234375,74.86000061035156,74.8949966430664,12023,GIS
2024-09-09 14:28:00-04:00,74.8949966430664,74.91000366210938,74.8949966430664,74.91000366210938,3931,GIS
2024-09-09 14:29:00-04:00,74.90499877929688,74.91999816894531,74.9000015258789,74.91500091552734,5168,GIS
2024-09-09 14:30:00-04:00,74.91999816894531,74.95999908447266,74.91000366210938,74.94999694824219,8893,GIS
2024-09-09 14:31:00-04:00,74.95999908447266,74.97000122070312,74.93000030517578,74.93000030517578,6736,GIS
2024-09-09 14:32:00-04:00,74.93000030517578,74.93499755859375,74.91999816894531,74.93280029296875,2744,GIS
2024-09-09 14:33:00-04:00,74.93499755859375,74.94000244140625,74.91999816894531,74.93499755859375,4152,GIS
2024-09-09 14:34:00-04:00,74.94000244140625,74.95999908447266,74.93000030517578,74.93000030517578,5828,GIS
2024-09-09 14:35:00-04:00,74.93000030517578,74.94000244140625,74.92500305175781,74.93499755859375,6924,GIS
2024-09-09 14:36:00-04:00,74.94000244140625,74.95999908447266,74.93499755859375,74.94999694824219,5018,GIS
2024-09-09 14:37:00-04:00,74.94000244140625,74.94499969482422,74.87999725341797,74.9000015258789,11533,GIS
2024-09-09 14:38:00-04:00,74.9000015258789,74.91999816894531,74.9000015258789,74.90499877929688,3493,GIS
2024-09-09 14:39:00-04:00,74.9000015258789,74.9000015258789,74.875,74.88999938964844,5728,GIS
2024-09-09 14:40:00-04:00,74.9000015258789,74.91999816894531,74.87999725341797,74.87999725341797,8895,GIS
2024-09-09 14:41:00-04:00,74.87999725341797,74.8949966430664,74.87000274658203,74.8949966430664,4527,GIS
2024-09-09 14:42:00-04:00,74.9000015258789,74.9000015258789,74.88999938964844,74.9000015258789,2552,GIS
2024-09-09 14:43:00-04:00,74.88999938964844,74.91500091552734,74.88500213623047,74.91500091552734,8128,GIS
2024-09-09 14:44:00-04:00,74.91000366210938,74.94999694824219,74.91000366210938,74.94999694824219,7373,GIS
2024-09-09 14:45:00-04:00,74.94999694824219,74.94999694824219,74.93000030517578,74.94499969482422,7172,GIS
2024-09-09 14:46:00-04:00,74.94999694824219,74.95999908447266,74.94000244140625,74.95999908447266,13866,GIS
2024-09-09 14:47:00-04:00,74.94000244140625,74.94000244140625,74.93000030517578,74.93000030517578,4546,GIS
2024-09-09 14:48:00-04:00,74.93000030517578,74.94000244140625,74.91500091552734,74.94000244140625,5676,GIS
2024-09-09 14:49:00-04:00,74.94499969482422,74.99500274658203,74.94499969482422,74.99500274658203,7315,GIS
2024-09-09 14:50:00-04:00,75.0,75.01000213623047,74.9800033569336,74.9800033569336,8487,GIS
2024-09-09 14:51:00-04:00,74.9800033569336,74.9800033569336,74.95999908447266,74.9800033569336,7275,GIS
2024-09-09 14:52:00-04:00,74.97000122070312,74.9800033569336,74.95999908447266,74.95999908447266,3272,GIS
2024-09-09 14:53:00-04:00,74.95999908447266,74.97000122070312,74.94000244140625,74.94499969482422,5868,GIS
2024-09-09 14:54:00-04:00,74.94000244140625,74.97000122070312,74.93000030517578,74.96499633789062,5738,GIS
2024-09-09 14:55:00-04:00,74.96800231933594,74.98999786376953,74.96800231933594,74.9800033569336,6832,GIS
2024-09-09 14:56:00-04:00,74.9800033569336,75.02999877929688,74.9800033569336,75.02999877929688,7271,GIS
2024-09-09 14:57:00-04:00,75.0250015258789,75.02999877929688,75.01000213623047,75.01000213623047,5166,GIS
2024-09-09 14:58:00-04:00,75.0199966430664,75.05000305175781,75.0199966430664,75.04499816894531,5450,GIS
2024-09-09 14:59:00-04:00,75.04499816894531,75.06999969482422,75.04499816894531,75.06999969482422,8472,GIS
2024-09-09 15:00:00-04:00,75.06999969482422,75.06999969482422,75.0199966430664,75.02999877929688,11721,GIS
2024-09-09 15:01:00-04:00,75.03500366210938,75.05999755859375,75.03500366210938,75.05000305175781,8897,GIS
2024-09-09 15:02:00-04:00,75.04000091552734,75.04000091552734,75.01499938964844,75.0250015258789,6555,GIS
2024-09-09 15:03:00-04:00,75.0250015258789,75.04000091552734,75.0250015258789,75.04000091552734,6131,GIS
2024-09-09 15:04:00-04:00,75.04000091552734,75.04499816894531,75.0250015258789,75.02999877929688,8840,GIS
2024-09-09 15:05:00-04:00,75.0199966430664,75.0199966430664,75.0,75.01000213623047,7318,GIS
2024-09-09 15:06:00-04:00,75.0250015258789,75.04000091552734,75.0250015258789,75.04000091552734,4671,GIS
2024-09-09 15:07:00-04:00,75.04499816894531,75.08000183105469,75.04499816894531,75.08000183105469,6201,GIS
2024-09-09 15:08:00-04:00,75.08999633789062,75.12000274658203,75.08999633789062,75.0999984741211,7259,GIS
2024-09-09 15:09:00-04:00,75.1050033569336,75.1050033569336,75.09010314941406,75.09500122070312,7314,GIS
2024-09-09 15:10:00-04:00,75.09500122070312,75.0999984741211,75.06999969482422,75.07499694824219,11445,GIS
2024-09-09 15:11:00-04:00,75.08000183105469,75.08000183105469,75.0625,75.06999969482422,6682,GIS
2024-09-09 15:12:00-04:00,75.08000183105469,75.08000183105469,75.05999755859375,75.08000183105469,9362,GIS
2024-09-09 15:13:00-04:00,75.07499694824219,75.09500122070312,75.06999969482422,75.08000183105469,6925,GIS
2024-09-09 15:14:00-04:00,75.08000183105469,75.08999633789062,75.08000183105469,75.08499908447266,2620,GIS
2024-09-09 15:15:00-04:00,75.08499908447266,75.0875015258789,75.05500030517578,75.0875015258789,9238,GIS
2024-09-09 15:16:00-04:00,75.08499908447266,75.08499908447266,75.05999755859375,75.05999755859375,5113,GIS
2024-09-09 15:17:00-04:00,75.06500244140625,75.07499694824219,75.05500030517578,75.05500030517578,7900,GIS
2024-09-09 15:18:00-04:00,75.05500030517578,75.05999755859375,75.05000305175781,75.05999755859375,6753,GIS
2024-09-09 15:19:00-04:00,75.05500030517578,75.08000183105469,75.05000305175781,75.08000183105469,7668,GIS
2024-09-09 15:20:00-04:00,75.06999969482422,75.12000274658203,75.06500244140625,75.12000274658203,8669,GIS
2024-09-09 15:21:00-04:00,75.12000274658203,75.13999938964844,75.12000274658203,75.13999938964844,4575,GIS
2024-09-09 15:22:00-04:00,75.13500213623047,75.16000366210938,75.13500213623047,75.1449966430664,7556,GIS
2024-09-09 15:23:00-04:00,75.1449966430664,75.16999816894531,75.12999725341797,75.15499877929688,7132,GIS
2024-09-09 15:24:00-04:00,75.15499877929688,75.15499877929688,75.12999725341797,75.13999938964844,5083,GIS
2024-09-09 15:25:00-04:00,75.13999938964844,75.16999816894531,75.11000061035156,75.16999816894531,9946,GIS
2024-09-09 15:26:00-04:00,75.16549682617188,75.16999816894531,75.11000061035156,75.11000061035156,6709,GIS
2024-09-09 15:27:00-04:00,75.1050033569336,75.1050033569336,75.08000183105469,75.08000183105469,3526,GIS
2024-09-09 15:28:00-04:00,75.06999969482422,75.08499908447266,75.05999755859375,75.08499908447266,5358,GIS
2024-09-09 15:29:00-04:00,75.08499908447266,75.08499908447266,75.05999755859375,75.06500244140625,5098,GIS
2024-09-09 15:30:00-04:00,75.06999969482422,75.08999633789062,75.05500030517578,75.08999633789062,12851,GIS
2024-09-09 15:31:00-04:00,75.08499908447266,75.1050033569336,75.08000183105469,75.09500122070312,4855,GIS
2024-09-09 15:32:00-04:00,75.08999633789062,75.1050033569336,75.05500030517578,75.05500030517578,9152,GIS
2024-09-09 15:33:00-04:00,75.05999755859375,75.08000183105469,75.04499816894531,75.05000305175781,11096,GIS
2024-09-09 15:34:00-04:00,75.04969787597656,75.08999633789062,75.04969787597656,75.08999633789062,11245,GIS
2024-09-09 15:35:00-04:00,75.08999633789062,75.0999984741211,75.07499694824219,75.08999633789062,13046,GIS
2024-09-09 15:36:00-04:00,75.09500122070312,75.16999816894531,75.09300231933594,75.1500015258789,18350,GIS
2024-09-09 15:37:00-04:00,75.13999938964844,75.13999938964844,75.08599853515625,75.11000061035156,10651,GIS
2024-09-09 15:38:00-04:00,75.11000061035156,75.12999725341797,75.10600280761719,75.12999725341797,4448,GIS
2024-09-09 15:39:00-04:00,75.13500213623047,75.13999938964844,75.13300323486328,75.13999938964844,4245,GIS
2024-09-09 15:40:00-04:00,75.13500213623047,75.13500213623047,75.09500122070312,75.1050033569336,14969,GIS
2024-09-09 15:41:00-04:00,75.11000061035156,75.12000274658203,75.09449768066406,75.0999984741211,9788,GIS
2024-09-09 15:42:00-04:00,75.09300231933594,75.11000061035156,75.08000183105469,75.08499908447266,11997,GIS
2024-09-09 15:43:00-04:00,75.08999633789062,75.0999984741211,75.07499694824219,75.08999633789062,10114,GIS
2024-09-09 15:44:00-04:00,75.08000183105469,75.0999984741211,75.08000183105469,75.08499908447266,8493,GIS
2024-09-09 15:45:00-04:00,75.08499908447266,75.12000274658203,75.06999969482422,75.12000274658203,21697,GIS
2024-09-09 15:46:00-04:00,75.12000274658203,75.13500213623047,75.11000061035156,75.13500213623047,15743,GIS
2024-09-09 15:47:00-04:00,75.12999725341797,75.13500213623047,75.11499786376953,75.13500213623047,9396,GIS
2024-09-09 15:48:00-04:00,75.13999938964844,75.13999938964844,75.08499908447266,75.09500122070312,12103,GIS
2024-09-09 15:49:00-04:00,75.09500122070312,75.0999984741211,75.05999755859375,75.05999755859375,11584,GIS
2024-09-09 15:50:00-04:00,75.05000305175781,75.06999969482422,74.94999694824219,74.95500183105469,29390,GIS
2024-09-09 15:51:00-04:00,74.95500183105469,75.02999877929688,74.95500183105469,75.0199966430664,44769,GIS
2024-09-09 15:52:00-04:00,75.0250015258789,75.06500244140625,75.01499938964844,75.05000305175781,20485,GIS
2024-09-09 15:53:00-04:00,75.05000305175781,75.08999633789062,74.98999786376953,75.05000305175781,39710,GIS
2024-09-09 15:54:00-04:00,75.04000091552734,75.05500030517578,75.0250015258789,75.05000305175781,30184,GIS
2024-09-09 15:55:00-04:00,75.05000305175781,75.08000183105469,75.0199966430664,75.08000183105469,36754,GIS
2024-09-09 15:56:00-04:00,75.08999633789062,75.15499877929688,75.08999633789062,75.1449966430664,31214,GIS
2024-09-09 15:57:00-04:00,75.1449966430664,75.16000366210938,75.12999725341797,75.1500015258789,42835,GIS
2024-09-09 15:58:00-04:00,75.1449966430664,75.16999816894531,75.13999938964844,75.16500091552734,57422,GIS
2024-09-09 15:59:00-04:00,75.16500091552734,75.19999694824219,75.13500213623047,75.1500015258789,82290,GIS
2024-09-10 09:30:00-04:00,75.1500015258789,75.25,75.0,75.1500015258789,48026,GIS
2024-09-10 09:31:00-04:00,75.15370178222656,75.15370178222656,75.05999755859375,75.11000061035156,2794,GIS
2024-09-10 09:32:00-04:00,75.1050033569336,75.22000122070312,75.08000183105469,75.20999908447266,5535,GIS
2024-09-10 09:33:00-04:00,75.18000030517578,75.31999969482422,75.16999816894531,75.29000091552734,8237,GIS
2024-09-10 09:34:00-04:00,75.30999755859375,75.30999755859375,75.19000244140625,75.19000244140625,5164,GIS
2024-09-10 09:35:00-04:00,75.2300033569336,75.30000305175781,75.19999694824219,75.29499816894531,4905,GIS
2024-09-10 09:36:00-04:00,75.30500030517578,75.54000091552734,75.30500030517578,75.5,51988,GIS
2024-09-10 09:37:00-04:00,75.4800033569336,75.5208969116211,75.43000030517578,75.5,4948,GIS
2024-09-10 09:38:00-04:00,75.55000305175781,75.63999938964844,75.5199966430664,75.5999984741211,4026,GIS
2024-09-10 09:39:00-04:00,75.6500015258789,75.68000030517578,75.6500015258789,75.6500015258789,2967,GIS
2024-09-10 09:40:00-04:00,75.69999694824219,75.69999694824219,75.63999938964844,75.63999938964844,2133,GIS
2024-09-10 09:41:00-04:00,75.68000030517578,75.70500183105469,75.6500015258789,75.6500015258789,2549,GIS
2024-09-10 09:42:00-04:00,75.62999725341797,75.75,75.62999725341797,75.6500015258789,8424,GIS
2024-09-10 09:43:00-04:00,75.6500015258789,75.7300033569336,75.6500015258789,75.66000366210938,2525,GIS
2024-09-10 09:44:00-04:00,75.67500305175781,75.67500305175781,75.56999969482422,75.60800170898438,3635,GIS
2024-09-10 09:45:00-04:00,75.5999984741211,75.69999694824219,75.5999984741211,75.67500305175781,10021,GIS
2024-09-10 09:46:00-04:00,75.66000366210938,75.69499969482422,75.6500015258789,75.67500305175781,4406,GIS
2024-09-10 09:47:00-04:00,75.67500305175781,75.73999786376953,75.6500015258789,75.73999786376953,11294,GIS
2024-09-10 09:48:00-04:00,75.73999786376953,75.73999786376953,75.5905990600586,75.6124038696289,7053,GIS
2024-09-10 09:49:00-04:00,75.63999938964844,75.66999816894531,75.56999969482422,75.6500015258789,5157,GIS
2024-09-10 09:50:00-04:00,75.66000366210938,75.66000366210938,75.56999969482422,75.62999725341797,19819,GIS
2024-09-10 09:51:00-04:00,75.58000183105469,75.58000183105469,75.54000091552734,75.54000091552734,4440,GIS
2024-09-10 09:52:00-04:00,75.55500030517578,75.55999755859375,75.5199966430664,75.5199966430664,1873,GIS
2024-09-10 09:53:00-04:00,75.51000213623047,75.51000213623047,75.45999908447266,75.45999908447266,2928,GIS
2024-09-10 09:54:00-04:00,75.47000122070312,75.47000122070312,75.37000274658203,75.37000274658203,3094,GIS
2024-09-10 09:55:00-04:00,75.37999725341797,75.4000015258789,75.33999633789062,75.33999633789062,5228,GIS
2024-09-10 09:56:00-04:00,75.32099914550781,75.3499984741211,75.31999969482422,75.3499984741211,2989,GIS
2024-09-10 09:57:00-04:00,75.33000183105469,75.4000015258789,75.33000183105469,75.4000015258789,3251,GIS
2024-09-10 09:58:00-04:00,75.43000030517578,75.48999786376953,75.43000030517578,75.45999908447266,5047,GIS
2024-09-10 09:59:00-04:00,75.45999908447266,75.47000122070312,75.38999938964844,75.38999938964844,3811,GIS
2024-09-10 10:00:00-04:00,75.37999725341797,75.41000366210938,75.36499786376953,75.37000274658203,6044,GIS
2024-09-10 10:01:00-04:00,75.37000274658203,75.37000274658203,75.23999786376953,75.2699966430664,26032,GIS
2024-09-10 10:02:00-04:00,75.26000213623047,75.30999755859375,75.25,75.30999755859375,4449,GIS
2024-09-10 10:03:00-04:00,75.33000183105469,75.37999725341797,75.33000183105469,75.37999725341797,13666,GIS
2024-09-10 10:04:00-04:00,75.38200378417969,75.38999938964844,75.36000061035156,75.36000061035156,4717,GIS
2024-09-10 10:05:00-04:00,75.33000183105469,75.33999633789062,75.31999969482422,75.33999633789062,3049,GIS
2024-09-10 10:06:00-04:00,75.33999633789062,75.3499984741211,75.30000305175781,75.33000183105469,7142,GIS
2024-09-10 10:07:00-04:00,75.33999633789062,75.3499984741211,75.30999755859375,75.3499984741211,7002,GIS
2024-09-10 10:08:00-04:00,75.33000183105469,75.33000183105469,75.25,75.25,3817,GIS
2024-09-10 10:09:00-04:00,75.26000213623047,75.27999877929688,75.22000122070312,75.2699966430664,4136,GIS
2024-09-10 10:10:00-04:00,75.2699966430664,75.2699966430664,75.25,75.26000213623047,2279,GIS
2024-09-10 10:11:00-04:00,75.25499725341797,75.36000061035156,75.25499725341797,75.36000061035156,6561,GIS
2024-09-10 10:12:00-04:00,75.36000061035156,75.38980102539062,75.36000061035156,75.38980102539062,2936,GIS
2024-09-10 10:13:00-04:00,75.37999725341797,75.41999816894531,75.33000183105469,75.3895034790039,7560,GIS
2024-09-10 10:14:00-04:00,75.31999969482422,75.31999969482422,75.31999969482422,75.31999969482422,2515,GIS
2024-09-10 10:15:00-04:00,75.31999969482422,75.31999969482422,75.29000091552734,75.30000305175781,2532,GIS
2024-09-10 10:16:00-04:00,75.30999755859375,75.33999633789062,75.30999755859375,75.33000183105469,4328,GIS
2024-09-10 10:17:00-04:00,75.3499984741211,75.38999938964844,75.3499984741211,75.36000061035156,5603,GIS
2024-09-10 10:18:00-04:00,75.3550033569336,75.36000061035156,75.33999633789062,75.36000061035156,3728,GIS
2024-09-10 10:19:00-04:00,75.37999725341797,75.41999816894531,75.37999725341797,75.4000015258789,2418,GIS
2024-09-10 10:20:00-04:00,75.37000274658203,75.4000015258789,75.37000274658203,75.38999938964844,3695,GIS
2024-09-10 10:21:00-04:00,75.37000274658203,75.4000015258789,75.37000274658203,75.37000274658203,3283,GIS
2024-09-10 10:22:00-04:00,75.37000274658203,75.4000015258789,75.37000274658203,75.37999725341797,4370,GIS
2024-09-10 10:23:00-04:00,75.37999725341797,75.37999725341797,75.32009887695312,75.33999633789062,8974,GIS
2024-09-10 10:24:00-04:00,75.33999633789062,75.37999725341797,75.31500244140625,75.36000061035156,8926,GIS
2024-09-10 10:25:00-04:00,75.3499984741211,75.37000274658203,75.33999633789062,75.36000061035156,5023,GIS
2024-09-10 10:26:00-04:00,75.37000274658203,75.37000274658203,75.3499984741211,75.36000061035156,933,GIS
2024-09-10 10:27:00-04:00,75.3499984741211,75.4000015258789,75.33999633789062,75.37999725341797,5490,GIS
2024-09-10 10:28:00-04:00,75.4000015258789,75.45500183105469,75.4000015258789,75.42500305175781,6240,GIS
2024-09-10 10:29:00-04:00,75.42500305175781,75.42500305175781,75.375,75.4000015258789,9658,GIS
2024-09-10 10:30:00-04:00,75.38999938964844,75.47000122070312,75.375,75.41999816894531,31823,GIS
2024-09-10 10:31:00-04:00,75.41999816894531,75.44000244140625,75.41000366210938,75.41999816894531,12246,GIS
2024-09-10 10:32:00-04:00,75.41000366210938,75.45999908447266,75.41000366210938,75.44000244140625,6779,GIS
2024-09-10 10:33:00-04:00,75.44999694824219,75.47000122070312,75.43000030517578,75.44000244140625,3178,GIS
2024-09-10 10:34:00-04:00,75.44999694824219,75.44999694824219,75.39009857177734,75.43000030517578,8930,GIS
2024-09-10 10:35:00-04:00,75.43000030517578,75.4800033569336,75.43000030517578,75.4800033569336,9365,GIS
2024-09-10 10:36:00-04:00,75.4800033569336,75.5,75.4800033569336,75.5,2250,GIS
2024-09-10 10:37:00-04:00,75.51000213623047,75.54000091552734,75.50499725341797,75.54000091552734,2897,GIS
2024-09-10 10:38:00-04:00,75.54000091552734,75.56999969482422,75.52999877929688,75.56999969482422,7904,GIS
2024-09-10 10:39:00-04:00,75.56999969482422,75.61499786376953,75.55999755859375,75.61499786376953,4432,GIS
2024-09-10 10:40:00-04:00,75.61499786376953,75.6500015258789,75.61000061035156,75.63999938964844,11252,GIS
2024-09-10 10:41:00-04:00,75.66000366210938,75.68000030517578,75.66000366210938,75.68000030517578,1500,GIS
2024-09-10 10:42:00-04:00,75.68000030517578,75.69000244140625,75.63999938964844,75.6500015258789,12565,GIS
2024-09-10 10:43:00-04:00,75.66999816894531,75.66999816894531,75.6500015258789,75.6500015258789,3464,GIS
2024-09-10 10:44:00-04:00,75.63999938964844,75.66999816894531,75.63999938964844,75.6458969116211,4346,GIS
2024-09-10 10:45:00-04:00,75.6500015258789,75.69000244140625,75.6500015258789,75.69000244140625,2723,GIS
2024-09-10 10:47:00-04:00,75.63999938964844,75.6500015258789,75.63999938964844,75.6449966430664,15578,GIS
2024-09-10 10:48:00-04:00,75.6500015258789,75.6500015258789,75.625,75.62999725341797,7229,GIS
2024-09-10 10:49:00-04:00,75.62000274658203,75.63500213623047,75.61000061035156,75.62000274658203,4534,GIS
2024-09-10 10:50:00-04:00,75.62000274658203,75.62000274658203,75.58999633789062,75.61000061035156,5794,GIS
2024-09-10 10:51:00-04:00,75.5999984741211,75.6050033569336,75.58499908447266,75.5999984741211,9002,GIS
2024-09-10 10:52:00-04:00,75.62999725341797,75.66000366210938,75.62999725341797,75.6500015258789,2351,GIS
2024-09-10 10:53:00-04:00,75.6500015258789,75.6500015258789,75.63999938964844,75.6500015258789,2694,GIS
2024-09-10 10:54:00-04:00,75.6449966430664,75.6449966430664,75.61000061035156,75.61499786376953,6588,GIS
2024-09-10 10:55:00-04:00,75.61000061035156,75.625,75.5999984741211,75.62000274658203,4824,GIS
2024-09-10 10:58:00-04:00,75.61499786376953,75.61499786376953,75.58999633789062,75.61000061035156,14677,GIS
2024-09-10 10:59:00-04:00,75.61000061035156,75.63500213623047,75.61000061035156,75.63500213623047,3506,GIS
2024-09-10 11:00:00-04:00,75.63500213623047,75.63500213623047,75.61000061035156,75.61000061035156,2656,GIS
2024-09-10 11:01:00-04:00,75.61499786376953,75.66500091552734,75.61000061035156,75.66500091552734,4776,GIS
2024-09-10 11:02:00-04:00,75.66999816894531,75.70500183105469,75.66999816894531,75.70500183105469,2509,GIS
2024-09-10 11:03:00-04:00,75.70999908447266,75.73999786376953,75.70999908447266,75.71499633789062,5474,GIS
2024-09-10 11:04:00-04:00,75.7249984741211,75.73500061035156,75.70999908447266,75.73500061035156,3347,GIS
2024-09-10 11:05:00-04:00,75.73500061035156,75.75,75.73500061035156,75.73999786376953,5822,GIS
2024-09-10 11:06:00-04:00,75.75,75.76000213623047,75.73999786376953,75.75,5369,GIS
2024-09-10 11:07:00-04:00,75.75,75.79499816894531,75.75,75.79499816894531,3655,GIS
2024-09-10 11:08:00-04:00,75.79000091552734,75.81999969482422,75.79000091552734,75.80500030517578,4618,GIS
2024-09-10 11:09:00-04:00,75.81999969482422,75.83499908447266,75.81999969482422,75.83499908447266,3291,GIS
2024-09-10 11:10:00-04:00,75.83499908447266,75.875,75.83499908447266,75.875,4474,GIS
2024-09-10 11:11:00-04:00,75.875,75.875,75.84500122070312,75.86000061035156,7410,GIS
2024-09-10 11:12:00-04:00,75.86000061035156,75.88999938964844,75.86000061035156,75.87000274658203,7460,GIS
2024-09-10 11:13:00-04:00,75.87000274658203,75.9000015258789,75.87000274658203,75.9000015258789,2312,GIS
2024-09-10 11:14:00-04:00,75.89009857177734,75.89009857177734,75.8499984741211,75.8499984741211,4636,GIS
2024-09-10 11:15:00-04:00,75.8499984741211,75.85990142822266,75.83499908447266,75.83499908447266,6230,GIS
2024-09-10 11:16:00-04:00,75.83000183105469,75.83499908447266,75.80500030517578,75.80500030517578,4493,GIS
2024-09-10 11:17:00-04:00,75.80500030517578,75.80500030517578,75.78089904785156,75.78500366210938,4080,GIS
2024-09-10 11:18:00-04:00,75.78500366210938,75.78500366210938,75.76000213623047,75.76000213623047,4571,GIS
2024-09-10 11:19:00-04:00,75.76000213623047,75.77999877929688,75.76000213623047,75.7750015258789,4056,GIS
2024-09-10 11:20:00-04:00,75.77999877929688,75.77999877929688,75.74500274658203,75.74500274658203,4641,GIS
2024-09-10 11:21:00-04:00,75.74500274658203,75.75499725341797,75.74340057373047,75.75,4955,GIS
2024-09-10 11:22:00-04:00,75.73999786376953,75.74500274658203,75.7300033569336,75.73500061035156,7212,GIS
2024-09-10 11:23:00-04:00,75.73999786376953,75.73999786376953,75.7249984741211,75.7249984741211,4436,GIS
2024-09-10 11:24:00-04:00,75.7249984741211,75.76000213623047,75.7249984741211,75.75,5839,GIS
2024-09-10 11:25:00-04:00,75.73999786376953,75.77999877929688,75.7300033569336,75.77999877929688,4595,GIS
2024-09-10 11:26:00-04:00,75.79499816894531,75.79499816894531,75.76000213623047,75.76000213623047,4662,GIS
2024-09-10 11:27:00-04:00,75.7699966430664,75.78500366210938,75.7699966430664,75.77400207519531,1843,GIS
2024-09-10 11:28:00-04:00,75.7750015258789,75.77999877929688,75.76000213623047,75.76000213623047,6639,GIS
2024-09-10 11:29:00-04:00,75.76000213623047,75.7699966430664,75.76000213623047,75.76000213623047,3248,GIS
2024-09-10 11:30:00-04:00,75.75499725341797,75.76000213623047,75.75,75.75499725341797,4605,GIS
2024-09-10 11:31:00-04:00,75.75499725341797,75.7699966430664,75.75,75.7699966430664,4988,GIS
2024-09-10 11:32:00-04:00,75.80000305175781,75.80000305175781,75.76000213623047,75.76000213623047,4199,GIS
2024-09-10 11:33:00-04:00,75.76000213623047,75.76000213623047,75.73999786376953,75.75,2294,GIS
2024-09-10 11:34:00-04:00,75.74500274658203,75.75499725341797,75.73999786376953,75.75499725341797,2676,GIS
2024-09-10 11:35:00-04:00,75.75,75.80500030517578,75.74079895019531,75.80500030517578,2950,GIS
2024-09-10 11:36:00-04:00,75.80000305175781,75.80000305175781,75.76000213623047,75.76000213623047,13115,GIS
2024-09-10 11:37:00-04:00,75.76000213623047,75.77999877929688,75.75,75.77999877929688,6037,GIS
2024-09-10 11:38:00-04:00,75.77999877929688,75.78500366210938,75.77999877929688,75.77999877929688,1272,GIS
2024-09-10 11:39:00-04:00,75.78500366210938,75.83000183105469,75.77999877929688,75.83000183105469,4402,GIS
2024-09-10 11:40:00-04:00,75.81999969482422,75.81999969482422,75.80999755859375,75.80999755859375,2871,GIS
2024-09-10 11:41:00-04:00,75.80999755859375,75.83999633789062,75.80000305175781,75.83999633789062,4937,GIS
2024-09-10 11:42:00-04:00,75.83499908447266,75.8499984741211,75.81999969482422,75.82009887695312,5075,GIS
2024-09-10 11:43:00-04:00,75.82499694824219,75.86000061035156,75.81999969482422,75.81999969482422,6417,GIS
2024-09-10 11:44:00-04:00,75.80999755859375,75.81500244140625,75.79000091552734,75.79000091552734,3447,GIS
2024-09-10 11:45:00-04:00,75.79000091552734,75.79000091552734,75.76000213623047,75.79000091552734,6183,GIS
2024-09-10 11:46:00-04:00,75.77999877929688,75.77999877929688,75.7699966430664,75.7699966430664,3377,GIS
2024-09-10 11:47:00-04:00,75.7698974609375,75.78500366210938,75.7698974609375,75.77999877929688,1563,GIS
2024-09-10 11:48:00-04:00,75.77999877929688,75.77999877929688,75.69999694824219,75.70500183105469,7269,GIS
2024-09-10 11:49:00-04:00,75.70500183105469,75.70500183105469,75.69999694824219,75.70500183105469,748,GIS
2024-09-10 11:50:00-04:00,75.69999694824219,75.7300033569336,75.69499969482422,75.7249984741211,6869,GIS
2024-09-10 11:51:00-04:00,75.73999786376953,75.7699966430664,75.73999786376953,75.75499725341797,3835,GIS
2024-09-10 11:52:00-04:00,75.75499725341797,75.76499938964844,75.73500061035156,75.76499938964844,4054,GIS
2024-09-10 11:53:00-04:00,75.76000213623047,75.76000213623047,75.7300033569336,75.73500061035156,4315,GIS
2024-09-10 11:54:00-04:00,75.73500061035156,75.76499938964844,75.73500061035156,75.76499938964844,3252,GIS
2024-09-10 11:55:00-04:00,75.7699966430664,75.80000305175781,75.7699966430664,75.80000305175781,2263,GIS
2024-09-10 11:56:00-04:00,75.77999877929688,75.83999633789062,75.77999877929688,75.83999633789062,3098,GIS
2024-09-10 11:57:00-04:00,75.84500122070312,75.84500122070312,75.83999633789062,75.83999633789062,2546,GIS
2024-09-10 11:58:00-04:00,75.83000183105469,75.83000183105469,75.83000183105469,75.83000183105469,4382,GIS
2024-09-10 11:59:00-04:00,75.81999969482422,75.84819793701172,75.80000305175781,75.83999633789062,5868,GIS
2024-09-10 12:00:00-04:00,75.83499908447266,75.83999633789062,75.83000183105469,75.83999633789062,2176,GIS
2024-09-10 12:01:00-04:00,75.80999755859375,75.80999755859375,75.77999877929688,75.77999877929688,3604,GIS
2024-09-10 12:02:00-04:00,75.77069854736328,75.79499816894531,75.77069854736328,75.79000091552734,1687,GIS
2024-09-10 12:03:00-04:00,75.77999877929688,75.77999877929688,75.7300033569336,75.75,5536,GIS
2024-09-10 12:04:00-04:00,75.75,75.75,75.73999786376953,75.74150085449219,1572,GIS
2024-09-10 12:05:00-04:00,75.73999786376953,75.73999786376953,75.68000030517578,75.68000030517578,5792,GIS
2024-09-10 12:06:00-04:00,75.69000244140625,75.69000244140625,75.66999816894531,75.66999816894531,6216,GIS
2024-09-10 12:07:00-04:00,75.66999816894531,75.66999816894531,75.63999938964844,75.6449966430664,4068,GIS
2024-09-10 12:08:00-04:00,75.63999938964844,75.6500015258789,75.62999725341797,75.64894104003906,5405,GIS
2024-09-10 12:09:00-04:00,75.63500213623047,75.63500213623047,75.58999633789062,75.6050033569336,9514,GIS
2024-09-10 12:10:00-04:00,75.61000061035156,75.66000366210938,75.61000061035156,75.66000366210938,1885,GIS
2024-09-10 12:11:00-04:00,75.6500015258789,75.66999816894531,75.6500015258789,75.66000366210938,674,GIS
2024-09-10 12:12:00-04:00,75.6500015258789,75.6500015258789,75.61000061035156,75.62000274658203,5125,GIS
2024-09-10 12:13:00-04:00,75.63500213623047,75.69999694824219,75.63500213623047,75.6500015258789,38322,GIS
2024-09-10 12:14:00-04:00,75.6500015258789,75.6500015258789,75.62000274658203,75.62000274658203,3270,GIS
2024-09-10 12:15:00-04:00,75.63999938964844,75.66000366210938,75.63999938964844,75.63999938964844,5032,GIS
2024-09-10 12:16:00-04:00,75.62999725341797,75.62999725341797,75.56099700927734,75.58499908447266,5773,GIS
2024-09-10 12:17:00-04:00,75.58000183105469,75.58000183105469,75.55999755859375,75.55999755859375,4899,GIS
2024-09-10 12:18:00-04:00,75.56999969482422,75.58499908447266,75.55999755859375,75.58000183105469,3797,GIS
2024-09-10 12:19:00-04:00,75.58499908447266,75.5999984741211,75.58000183105469,75.5999984741211,1940,GIS
2024-09-10 12:20:00-04:00,75.61000061035156,75.62000274658203,75.5999984741211,75.62000274658203,4228,GIS
2024-09-10 12:21:00-04:00,75.62999725341797,75.62999725341797,75.61000061035156,75.62999725341797,2793,GIS
2024-09-10 12:22:00-04:00,75.62000274658203,75.62000274658203,75.56999969482422,75.56999969482422,2555,GIS
2024-09-10 12:23:00-04:00,75.58000183105469,75.58000183105469,75.54290008544922,75.56999969482422,3566,GIS
2024-09-10 12:24:00-04:00,75.58499908447266,75.61109924316406,75.58499908447266,75.60759735107422,2317,GIS
2024-09-10 12:25:00-04:00,75.5999984741211,75.62000274658203,75.5999984741211,75.62000274658203,1442,GIS
2024-09-10 12:26:00-04:00,75.62000274658203,75.66000366210938,75.62000274658203,75.66000366210938,2669,GIS
2024-09-10 12:27:00-04:00,75.65499877929688,75.65499877929688,75.62000274658203,75.625,4895,GIS
2024-09-10 12:28:00-04:00,75.625,75.625,75.58999633789062,75.58999633789062,6167,GIS
2024-09-10 12:29:00-04:00,75.58999633789062,75.6050033569336,75.58000183105469,75.5999984741211,2392,GIS
2024-09-10 12:30:00-04:00,75.5999984741211,75.62999725341797,75.5999984741211,75.62999725341797,3218,GIS
2024-09-10 12:31:00-04:00,75.62999725341797,75.63999938964844,75.62999725341797,75.63999938964844,945,GIS
2024-09-10 12:32:00-04:00,75.6500015258789,75.6500015258789,75.58999633789062,75.58999633789062,4164,GIS
2024-09-10 12:33:00-04:00,75.5999984741211,75.62999725341797,75.5999984741211,75.62999725341797,2203,GIS
2024-09-10 12:34:00-04:00,75.625,75.625,75.61499786376953,75.61499786376953,1896,GIS
2024-09-10 12:35:00-04:00,75.62999725341797,75.66000366210938,75.62999725341797,75.66000366210938,1635,GIS
2024-09-10 12:36:00-04:00,75.66500091552734,75.66999816894531,75.66130065917969,75.66999816894531,1011,GIS
2024-09-10 12:37:00-04:00,75.66999816894531,75.67469787597656,75.66999816894531,75.67469787597656,1387,GIS
2024-09-10 12:38:00-04:00,75.66999816894531,75.66999816894531,75.6500015258789,75.6500015258789,4841,GIS
2024-09-10 12:39:00-04:00,75.6449966430664,75.65499877929688,75.62999725341797,75.62999725341797,3264,GIS
2024-09-10 12:40:00-04:00,75.62999725341797,75.62999725341797,75.5999984741211,75.5999984741211,3081,GIS
2024-09-10 12:41:00-04:00,75.5999984741211,75.5999984741211,75.58499908447266,75.58499908447266,1292,GIS
2024-09-10 12:42:00-04:00,75.58000183105469,75.58000183105469,75.55000305175781,75.55000305175781,2710,GIS
2024-09-10 12:43:00-04:00,75.55999755859375,75.55999755859375,75.54000091552734,75.55000305175781,2965,GIS
2024-09-10 12:44:00-04:00,75.55999755859375,75.58989715576172,75.55999755859375,75.56999969482422,3713,GIS
2024-09-10 12:45:00-04:00,75.55500030517578,75.55999755859375,75.54499816894531,75.55999755859375,4235,GIS
2024-09-10 12:46:00-04:00,75.55000305175781,75.61000061035156,75.54499816894531,75.61000061035156,4263,GIS
2024-09-10 12:47:00-04:00,75.62000274658203,75.62000274658203,75.5999984741211,75.61000061035156,2807,GIS
2024-09-10 12:48:00-04:00,75.62000274658203,75.62000274658203,75.58000183105469,75.5999984741211,3538,GIS
2024-09-10 12:49:00-04:00,75.5999984741211,75.5999984741211,75.58999633789062,75.5999984741211,2981,GIS
2024-09-10 12:50:00-04:00,75.6050033569336,75.606201171875,75.56999969482422,75.56999969482422,3809,GIS
2024-09-10 12:51:00-04:00,75.58000183105469,75.58999633789062,75.58000183105469,75.58999633789062,1633,GIS
2024-09-10 12:52:00-04:00,75.5999984741211,75.5999984741211,75.58000183105469,75.58000183105469,2035,GIS
2024-09-10 12:53:00-04:00,75.57499694824219,75.58000183105469,75.57499694824219,75.58000183105469,785,GIS
2024-09-10 12:54:00-04:00,75.58999633789062,75.5999984741211,75.58999633789062,75.58999633789062,5347,GIS
2024-09-10 12:55:00-04:00,75.58999633789062,75.6050033569336,75.58999633789062,75.6050033569336,1145,GIS
2024-09-10 12:56:00-04:00,75.61000061035156,75.61000061035156,75.61000061035156,75.61000061035156,1927,GIS
2024-09-10 12:57:00-04:00,75.60990142822266,75.60990142822266,75.60990142822266,75.60990142822266,620,GIS
2024-09-10 12:58:00-04:00,75.5999984741211,75.5999984741211,75.5999984741211,75.5999984741211,636,GIS
2024-09-10 12:59:00-04:00,75.61000061035156,75.61499786376953,75.60009765625,75.61499786376953,2477,GIS
2024-09-10 13:00:00-04:00,75.61000061035156,75.62000274658203,75.59500122070312,75.62000274658203,3996,GIS
2024-09-10 13:01:00-04:00,75.62000274658203,75.63999938964844,75.62000274658203,75.63999938964844,1162,GIS
2024-09-10 13:02:00-04:00,75.63999938964844,75.63999938964844,75.61000061035156,75.61000061035156,2678,GIS
2024-09-10 13:03:00-04:00,75.61000061035156,75.61000061035156,75.61000061035156,75.61000061035156,914,GIS
2024-09-10 13:04:00-04:00,75.61000061035156,75.61000061035156,75.58999633789062,75.58999633789062,2621,GIS
2024-09-10 13:05:00-04:00,75.58999633789062,75.59919738769531,75.58999633789062,75.59919738769531,1867,GIS
2024-09-10 13:06:00-04:00,75.5999984741211,75.61000061035156,75.5999984741211,75.61000061035156,1722,GIS
2024-09-10 13:07:00-04:00,75.625,75.625,75.62000274658203,75.62000274658203,1666,GIS
2024-09-10 13:08:00-04:00,75.61499786376953,75.62000274658203,75.61499786376953,75.61499786376953,1240,GIS
2024-09-10 13:09:00-04:00,75.62000274658203,75.625,75.61000061035156,75.61499786376953,1756,GIS
2024-09-10 13:10:00-04:00,75.61000061035156,75.61000061035156,75.56999969482422,75.56999969482422,6216,GIS
2024-09-10 13:11:00-04:00,75.55999755859375,75.56999969482422,75.55999755859375,75.56999969482422,3055,GIS
2024-09-10 13:12:00-04:00,75.56999969482422,75.56999969482422,75.52999877929688,75.52999877929688,4304,GIS
2024-09-10 13:13:00-04:00,75.5250015258789,75.5413818359375,75.52434539794922,75.5413818359375,2493,GIS
2024-09-10 13:14:00-04:00,75.54499816894531,75.55000305175781,75.54000091552734,75.54499816894531,3400,GIS
2024-09-10 13:15:00-04:00,75.54000091552734,75.55500030517578,75.54000091552734,75.55500030517578,1768,GIS
2024-09-10 13:16:00-04:00,75.56999969482422,75.58000183105469,75.56999969482422,75.58000183105469,1453,GIS
2024-09-10 13:17:00-04:00,75.58999633789062,75.61000061035156,75.58999633789062,75.61000061035156,2738,GIS
2024-09-10 13:18:00-04:00,75.63999938964844,75.63999938964844,75.62999725341797,75.63500213623047,2025,GIS
2024-09-10 13:19:00-04:00,75.63500213623047,75.63500213623047,75.62000274658203,75.62000274658203,3238,GIS
2024-09-10 13:20:00-04:00,75.62000274658203,75.62000274658203,75.58999633789062,75.5999984741211,3810,GIS
2024-09-10 13:21:00-04:00,75.5999984741211,75.62000274658203,75.5999984741211,75.62000274658203,2906,GIS
2024-09-10 13:22:00-04:00,75.63999938964844,75.65499877929688,75.63999938964844,75.6500015258789,2422,GIS
2024-09-10 13:23:00-04:00,75.66000366210938,75.67500305175781,75.6500015258789,75.66000366210938,5034,GIS
2024-09-10 13:24:00-04:00,75.66500091552734,75.69499969482422,75.66500091552734,75.69499969482422,3422,GIS
2024-09-10 13:25:00-04:00,75.69000244140625,75.69000244140625,75.63999938964844,75.6449966430664,3623,GIS
2024-09-10 13:26:00-04:00,75.63999938964844,75.66999816894531,75.63999938964844,75.66000366210938,48711,GIS
2024-09-10 13:27:00-04:00,75.66000366210938,75.66000366210938,75.62000274658203,75.625,4617,GIS
2024-09-10 13:28:00-04:00,75.61000061035156,75.62999725341797,75.61000061035156,75.62999725341797,1934,GIS
2024-09-10 13:29:00-04:00,75.62000274658203,75.62000274658203,75.61499786376953,75.62000274658203,823,GIS
2024-09-10 13:30:00-04:00,75.61499786376953,75.62000274658203,75.61000061035156,75.62000274658203,1940,GIS
2024-09-10 13:31:00-04:00,75.61499786376953,75.62999725341797,75.61039733886719,75.62000274658203,4399,GIS
2024-09-10 13:32:00-04:00,75.62000274658203,75.62000274658203,75.6050033569336,75.6050033569336,1993,GIS
2024-09-10 13:33:00-04:00,75.6050033569336,75.61000061035156,75.5999984741211,75.5999984741211,4042,GIS
2024-09-10 13:34:00-04:00,75.58999633789062,75.5999984741211,75.55000305175781,75.55000305175781,4489,GIS
2024-09-10 13:35:00-04:00,75.55000305175781,75.58000183105469,75.54499816894531,75.58000183105469,3751,GIS
2024-09-10 13:36:00-04:00,75.58999633789062,75.58999633789062,75.58000183105469,75.58000183105469,1618,GIS
2024-09-10 13:37:00-04:00,75.57499694824219,75.5801010131836,75.56999969482422,75.5801010131836,3254,GIS
2024-09-10 13:38:00-04:00,75.58499908447266,75.58499908447266,75.58499908447266,75.58499908447266,692,GIS
2024-09-10 13:39:00-04:00,75.58000183105469,75.5999984741211,75.58000183105469,75.5999984741211,2496,GIS
2024-09-10 13:40:00-04:00,75.58999633789062,75.59500122070312,75.58499908447266,75.59500122070312,3041,GIS
2024-09-10 13:41:00-04:00,75.62000274658203,75.62000274658203,75.62000274658203,75.62000274658203,1123,GIS
2024-09-10 13:42:00-04:00,75.61000061035156,75.61000061035156,75.5999984741211,75.5999984741211,2706,GIS
2024-09-10 13:43:00-04:00,75.60469818115234,75.6050033569336,75.58000183105469,75.58000183105469,3862,GIS
2024-09-10 13:44:00-04:00,75.56999969482422,75.56999969482422,75.55999755859375,75.55999755859375,3258,GIS
2024-09-10 13:45:00-04:00,75.55999755859375,75.55999755859375,75.54000091552734,75.55999755859375,7141,GIS
2024-09-10 13:46:00-04:00,75.55999755859375,75.56999969482422,75.55999755859375,75.55999755859375,3052,GIS
2024-09-10 13:47:00-04:00,75.55000305175781,75.55500030517578,75.52999877929688,75.52999877929688,4924,GIS
2024-09-10 13:48:00-04:00,75.53600311279297,75.54499816894531,75.53600311279297,75.54000091552734,2992,GIS
2024-09-10 13:49:00-04:00,75.54000091552734,75.54000091552734,75.53500366210938,75.53500366210938,842,GIS
2024-09-10 13:50:00-04:00,75.54000091552734,75.54000091552734,75.51000213623047,75.5199966430664,4995,GIS
2024-09-10 13:51:00-04:00,75.52999877929688,75.54000091552734,75.52999877929688,75.52999877929688,2076,GIS
2024-09-10 13:52:00-04:00,75.52999877929688,75.52999877929688,75.48999786376953,75.48999786376953,7032,GIS
2024-09-10 13:53:00-04:00,75.48500061035156,75.48500061035156,75.44999694824219,75.44999694824219,6634,GIS
2024-09-10 13:54:00-04:00,75.45999908447266,75.489501953125,75.45999908447266,75.4800033569336,3384,GIS
2024-09-10 13:55:00-04:00,75.48999786376953,75.51499938964844,75.48999786376953,75.5,4380,GIS
2024-09-10 13:56:00-04:00,75.48999786376953,75.49500274658203,75.47000122070312,75.47000122070312,3373,GIS
2024-09-10 13:57:00-04:00,75.47000122070312,75.4800033569336,75.47000122070312,75.47000122070312,2294,GIS
2024-09-10 13:58:00-04:00,75.4800033569336,75.5,75.4800033569336,75.5,1282,GIS
2024-09-10 13:59:00-04:00,75.48999786376953,75.48999786376953,75.4800033569336,75.4800033569336,2108,GIS
2024-09-10 14:00:00-04:00,75.4800033569336,75.5199966430664,75.4800033569336,75.5199966430664,1862,GIS
2024-09-10 14:01:00-04:00,75.51499938964844,75.51499938964844,75.48500061035156,75.48999786376953,3903,GIS
2024-09-10 14:02:00-04:00,75.4800033569336,75.4800033569336,75.41000366210938,75.41999816894531,6758,GIS
2024-09-10 14:03:00-04:00,75.41500091552734,75.41999816894531,75.4000015258789,75.4000015258789,3408,GIS
2024-09-10 14:04:00-04:00,75.38999938964844,75.41000366210938,75.38999938964844,75.38999938964844,4402,GIS
2024-09-10 14:05:00-04:00,75.3949966430664,75.3949966430664,75.36000061035156,75.3949966430664,5879,GIS
2024-09-10 14:06:00-04:00,75.4000015258789,75.41500091552734,75.38999938964844,75.41000366210938,4018,GIS
2024-09-10 14:07:00-04:00,75.4000015258789,75.4000015258789,75.3499984741211,75.3499984741211,4621,GIS
2024-09-10 14:08:00-04:00,75.3550033569336,75.36499786376953,75.3499984741211,75.36499786376953,1485,GIS
2024-09-10 14:09:00-04:00,75.36499786376953,75.37000274658203,75.36000061035156,75.36499786376953,1988,GIS
2024-09-10 14:10:00-04:00,75.37000274658203,75.375,75.33999633789062,75.33999633789062,5060,GIS
2024-09-10 14:11:00-04:00,75.33999633789062,75.33999633789062,75.30000305175781,75.30500030517578,6377,GIS
2024-09-10 14:12:00-04:00,75.30500030517578,75.31999969482422,75.2750015258789,75.2750015258789,6447,GIS
2024-09-10 14:13:00-04:00,75.27999877929688,75.27999877929688,75.2750015258789,75.2750015258789,2549,GIS
2024-09-10 14:14:00-04:00,75.27436065673828,75.29499816894531,75.27436065673828,75.2750015258789,4816,GIS
2024-09-10 14:15:00-04:00,75.27999877929688,75.27999877929688,75.25,75.26000213623047,5655,GIS
2024-09-10 14:16:00-04:00,75.26000213623047,75.2699966430664,75.25,75.2699966430664,6409,GIS
2024-09-10 14:17:00-04:00,75.2750015258789,75.27989959716797,75.25499725341797,75.25499725341797,2680,GIS
2024-09-10 14:18:00-04:00,75.25,75.26499938964844,75.23999786376953,75.25499725341797,6738,GIS
2024-09-10 14:19:00-04:00,75.26000213623047,75.2699966430664,75.25,75.25,3931,GIS
2024-09-10 14:20:00-04:00,75.26000213623047,75.26000213623047,75.19999694824219,75.20999908447266,5968,GIS
2024-09-10 14:21:00-04:00,75.19999694824219,75.2300033569336,75.19999694824219,75.2300033569336,6738,GIS
2024-09-10 14:22:00-04:00,75.23500061035156,75.25,75.21499633789062,75.21499633789062,5983,GIS
2024-09-10 14:23:00-04:00,75.21499633789062,75.2300033569336,75.21499633789062,75.2300033569336,4668,GIS
2024-09-10 14:24:00-04:00,75.2249984741211,75.23500061035156,75.16999816894531,75.16999816894531,12370,GIS
2024-09-10 14:25:00-04:00,75.17500305175781,75.19000244140625,75.17500305175781,75.18499755859375,6010,GIS
2024-09-10 14:26:00-04:00,75.18499755859375,75.20999908447266,75.16999816894531,75.16999816894531,6876,GIS
2024-09-10 14:27:00-04:00,75.16999816894531,75.16999816894531,75.08000183105469,75.08000183105469,4911,GIS
2024-09-10 14:28:00-04:00,75.08000183105469,75.08999633789062,75.06999969482422,75.08000183105469,3843,GIS
2024-09-10 14:29:00-04:00,75.08000183105469,75.08000183105469,75.05999755859375,75.06500244140625,1880,GIS
2024-09-10 14:30:00-04:00,75.06500244140625,75.08999633789062,75.06500244140625,75.08000183105469,7551,GIS
2024-09-10 14:31:00-04:00,75.08000183105469,75.08000183105469,75.0250015258789,75.02999877929688,5348,GIS
2024-09-10 14:32:00-04:00,75.02999877929688,75.02999877929688,75.0199966430664,75.0199966430664,1971,GIS
2024-09-10 14:33:00-04:00,75.0250015258789,75.04000091552734,75.0199966430664,75.03970336914062,6449,GIS
2024-09-10 14:34:00-04:00,75.04000091552734,75.05000305175781,75.04000091552734,75.05000305175781,3269,GIS
2024-09-10 14:35:00-04:00,75.05000305175781,75.05999755859375,75.04000091552734,75.05999755859375,4348,GIS
2024-09-10 14:36:00-04:00,75.05999755859375,75.05999755859375,75.04000091552734,75.04000091552734,3551,GIS
2024-09-10 14:37:00-04:00,75.05000305175781,75.05000305175781,75.0,75.01000213623047,8444,GIS
2024-09-10 14:38:00-04:00,75.002197265625,75.0199966430664,75.002197265625,75.01000213623047,6783,GIS
2024-09-10 14:39:00-04:00,75.01000213623047,75.01000213623047,74.98999786376953,75.00499725341797,3956,GIS
2024-09-10 14:40:00-04:00,75.0,75.00499725341797,74.99500274658203,74.99500274658203,3890,GIS
2024-09-10 14:41:00-04:00,74.99500274658203,75.0,74.9749984741211,74.9800033569336,6810,GIS
2024-09-10 14:42:00-04:00,74.9800033569336,74.9800033569336,74.94000244140625,74.94499969482422,4696,GIS
2024-09-10 14:43:00-04:00,74.94499969482422,74.97000122070312,74.93499755859375,74.97000122070312,6189,GIS
2024-09-10 14:44:00-04:00,74.97000122070312,74.9800033569336,74.95999908447266,74.97000122070312,4081,GIS
2024-09-10 14:45:00-04:00,74.97000122070312,74.9749984741211,74.95999908447266,74.9749984741211,3011,GIS
2024-09-10 14:46:00-04:00,74.9749984741211,74.98999786376953,74.9749984741211,74.9800033569336,12083,GIS
2024-09-10 14:47:00-04:00,74.98999786376953,75.01138305664062,74.9749984741211,75.01000213623047,21455,GIS
2024-09-10 14:48:00-04:00,75.0199966430664,75.0199966430664,74.95999908447266,74.98500061035156,6841,GIS
2024-09-10 14:49:00-04:00,74.97010040283203,74.98999786376953,74.97000122070312,74.9749984741211,4690,GIS
2024-09-10 14:50:00-04:00,74.9749984741211,75.02999877929688,74.9749984741211,75.01000213623047,10632,GIS
2024-09-10 14:51:00-04:00,75.0,75.0250015258789,75.0,75.0199966430664,4799,GIS
2024-09-10 14:52:00-04:00,75.0199966430664,75.0199966430664,74.99500274658203,74.99500274658203,2885,GIS
2024-09-10 14:53:00-04:00,74.99500274658203,75.0,74.98500061035156,74.98500061035156,3810,GIS
2024-09-10 14:54:00-04:00,74.99500274658203,75.0199966430664,74.99500274658203,75.0199966430664,3492,GIS
2024-09-10 14:55:00-04:00,75.0199966430664,75.0199966430664,74.99500274658203,75.0,7250,GIS
2024-09-10 14:56:00-04:00,74.99500274658203,75.0,74.99430847167969,74.99500274658203,2635,GIS
2024-09-10 14:57:00-04:00,74.98999786376953,75.01000213623047,74.98999786376953,74.98999786376953,4002,GIS
2024-09-10 14:58:00-04:00,74.98500061035156,75.0,74.98500061035156,74.98999786376953,8195,GIS
2024-09-10 14:59:00-04:00,74.98999786376953,75.02999877929688,74.98999786376953,75.02999877929688,3290,GIS
2024-09-10 15:00:00-04:00,75.04000091552734,75.04000091552734,75.01000213623047,75.01000213623047,5011,GIS
2024-09-10 15:01:00-04:00,75.01499938964844,75.01499938964844,74.9800033569336,75.0,10186,GIS
2024-09-10 15:02:00-04:00,74.98500061035156,74.98999786376953,74.9800033569336,74.98500061035156,1829,GIS
2024-09-10 15:03:00-04:00,74.9800033569336,74.9800033569336,74.94499969482422,74.95999908447266,8710,GIS
2024-09-10 15:04:00-04:00,74.97000122070312,74.97000122070312,74.94999694824219,74.94999694824219,5898,GIS
2024-09-10 15:05:00-04:00,74.94499969482422,74.94999694824219,74.91999816894531,74.92500305175781,5776,GIS
2024-09-10 15:06:00-04:00,74.92500305175781,74.9260025024414,74.9000015258789,74.9000015258789,10461,GIS
2024-09-10 15:07:00-04:00,74.8949966430664,74.91999816894531,74.8949966430664,74.9000015258789,7205,GIS
2024-09-10 15:08:00-04:00,74.91000366210938,74.91999816894531,74.91000366210938,74.91500091552734,3876,GIS
2024-09-10 15:09:00-04:00,74.91999816894531,74.91999816894531,74.9000015258789,74.9000015258789,5335,GIS
2024-09-10 15:10:00-04:00,74.9000015258789,74.91000366210938,74.88500213623047,74.91000366210938,6972,GIS
2024-09-10 15:11:00-04:00,74.91500091552734,74.91999816894531,74.9103012084961,74.91500091552734,7577,GIS
2024-09-10 15:12:00-04:00,74.91500091552734,74.92500305175781,74.8949966430664,74.8949966430664,8422,GIS
2024-09-10 15:13:00-04:00,74.9000015258789,74.91999816894531,74.9000015258789,74.91000366210938,10059,GIS
2024-09-10 15:14:00-04:00,74.91000366210938,74.91000366210938,74.90499877929688,74.90499877929688,1427,GIS
2024-09-10 15:15:00-04:00,74.9000015258789,74.9000015258789,74.8499984741211,74.86000061035156,10242,GIS
2024-09-10 15:16:00-04:00,74.86000061035156,74.87000274658203,74.81999969482422,74.86000061035156,21334,GIS
2024-09-10 15:17:00-04:00,74.8550033569336,74.8550033569336,74.82489776611328,74.82489776611328,6657,GIS
2024-09-10 15:18:00-04:00,74.81999969482422,74.87000274658203,74.81999969482422,74.86000061035156,21712,GIS
2024-09-10 15:19:00-04:00,74.8561019897461,74.87999725341797,74.8550033569336,74.875,9253,GIS
2024-09-10 15:20:00-04:00,74.875,74.87999725341797,74.87000274658203,74.87000274658203,4786,GIS
2024-09-10 15:21:00-04:00,74.87000274658203,74.87000274658203,74.81999969482422,74.83499908447266,20261,GIS
2024-09-10 15:22:00-04:00,74.81999969482422,74.83000183105469,74.81999969482422,74.81999969482422,4942,GIS
2024-09-10 15:23:00-04:00,74.81999969482422,74.81999969482422,74.80500030517578,74.80500030517578,8411,GIS
2024-09-10 15:24:00-04:00,74.80500030517578,74.80500030517578,74.76000213623047,74.77519989013672,12868,GIS
2024-09-10 15:25:00-04:00,74.7750015258789,74.79000091552734,74.76000213623047,74.7699966430664,13972,GIS
2024-09-10 15:26:00-04:00,74.7699966430664,74.77999877929688,74.76000213623047,74.76000213623047,4146,GIS
2024-09-10 15:27:00-04:00,74.76000213623047,74.77999877929688,74.76000213623047,74.7699966430664,7313,GIS
2024-09-10 15:28:00-04:00,74.76499938964844,74.77999877929688,74.75,74.75499725341797,10460,GIS
2024-09-10 15:29:00-04:00,74.75499725341797,74.76499938964844,74.72000122070312,74.73500061035156,12497,GIS
2024-09-10 15:30:00-04:00,74.73999786376953,74.76000213623047,74.7300033569336,74.75,15904,GIS
2024-09-10 15:31:00-04:00,74.73999786376953,74.75,74.7300033569336,74.73999786376953,11804,GIS
2024-09-10 15:32:00-04:00,74.73999786376953,74.73999786376953,74.69999694824219,74.70999908447266,7928,GIS
2024-09-10 15:33:00-04:00,74.69999694824219,74.73999786376953,74.69000244140625,74.73500061035156,19748,GIS
2024-09-10 15:34:00-04:00,74.73500061035156,74.73500061035156,74.69499969482422,74.69499969482422,6874,GIS
2024-09-10 15:35:00-04:00,74.69000244140625,74.69969940185547,74.66709899902344,74.69000244140625,12060,GIS
2024-09-10 15:36:00-04:00,74.68499755859375,74.7699966430664,74.68499755859375,74.76000213623047,18885,GIS
2024-09-10 15:37:00-04:00,74.76499938964844,74.81999969482422,74.75499725341797,74.81999969482422,17796,GIS
2024-09-10 15:38:00-04:00,74.81009674072266,74.83999633789062,74.80000305175781,74.83999633789062,17371,GIS
2024-09-10 15:39:00-04:00,74.83999633789062,74.83999633789062,74.82499694824219,74.83999633789062,6325,GIS
2024-09-10 15:40:00-04:00,74.8499984741211,74.86000061035156,74.83499908447266,74.83999633789062,11155,GIS
2024-09-10 15:41:00-04:00,74.83999633789062,74.8499984741211,74.82499694824219,74.83499908447266,8906,GIS
2024-09-10 15:42:00-04:00,74.83499908447266,74.86000061035156,74.83499908447266,74.8499984741211,6072,GIS
2024-09-10 15:43:00-04:00,74.84500122070312,74.88999938964844,74.84500122070312,74.88999938964844,13954,GIS
2024-09-10 15:44:00-04:00,74.88999938964844,74.91999816894531,74.88999938964844,74.91999816894531,10157,GIS
2024-09-10 15:45:00-04:00,74.93000030517578,74.9800033569336,74.93000030517578,74.9800033569336,15323,GIS
2024-09-10 15:46:00-04:00,74.98500061035156,74.98500061035156,74.95999908447266,74.97000122070312,16499,GIS
2024-09-10 15:47:00-04:00,74.97000122070312,75.01000213623047,74.96499633789062,75.0,15312,GIS
2024-09-10 15:48:00-04:00,75.00499725341797,75.01499938964844,74.96499633789062,74.9800033569336,15911,GIS
2024-09-10 15:49:00-04:00,74.98500061035156,74.98500061035156,74.94999694824219,74.9749984741211,10130,GIS
2024-09-10 15:50:00-04:00,74.9749984741211,74.99500274658203,74.93000030517578,74.93000030517578,26390,GIS
2024-09-10 15:51:00-04:00,74.91999816894531,74.94000244140625,74.90499877929688,74.90499877929688,22922,GIS
2024-09-10 15:52:00-04:00,74.90499877929688,74.91000366210938,74.88500213623047,74.9000015258789,18720,GIS
2024-09-10 15:53:00-04:00,74.88999938964844,74.9000015258789,74.86499786376953,74.9000015258789,25572,GIS
2024-09-10 15:54:00-04:00,74.87000274658203,74.93499755859375,74.87000274658203,74.93499755859375,30158,GIS
2024-09-10 15:55:00-04:00,74.94000244140625,74.94000244140625,74.87000274658203,74.87000274658203,30856,GIS
2024-09-10 15:56:00-04:00,74.87000274658203,74.91999816894531,74.8499984741211,74.8949966430664,40536,GIS
2024-09-10 15:57:00-04:00,74.88999938964844,74.92500305175781,74.87999725341797,74.9000015258789,39389,GIS
2024-09-10 15:58:00-04:00,74.8949966430664,74.8949966430664,74.86000061035156,74.875,64097,GIS
2024-09-10 15:59:00-04:00,74.875,74.875,74.80999755859375,74.80999755859375,171480,GIS
2024-09-11 09:30:00-04:00,74.61000061035156,74.66000366210938,74.38999938964844,74.47000122070312,29569,GIS
2024-09-11 09:31:00-04:00,74.43000030517578,74.45500183105469,74.25,74.29499816894531,1315,GIS
2024-09-11 09:32:00-04:00,74.30000305175781,74.31500244140625,74.23999786376953,74.2699966430664,12746,GIS
2024-09-11 09:33:00-04:00,74.26000213623047,74.2699966430664,74.12000274658203,74.19000244140625,4721,GIS
2024-09-11 09:34:00-04:00,74.19999694824219,74.2699966430664,74.19000244140625,74.26499938964844,2646,GIS
2024-09-11 09:35:00-04:00,74.27999877929688,74.29000091552734,74.08499908447266,74.19000244140625,5122,GIS
2024-09-11 09:36:00-04:00,74.16999816894531,74.22000122070312,74.11499786376953,74.11499786376953,5914,GIS
2024-09-11 09:37:00-04:00,74.0999984741211,74.11000061035156,74.08000183105469,74.0999984741211,2589,GIS
2024-09-11 09:38:00-04:00,74.08000183105469,74.08000183105469,73.94999694824219,73.95500183105469,6005,GIS
2024-09-11 09:39:00-04:00,73.94000244140625,74.0199966430664,73.94000244140625,74.0199966430664,3108,GIS
2024-09-11 09:40:00-04:00,74.04000091552734,74.0999984741211,74.0250015258789,74.05999755859375,5550,GIS
2024-09-11 09:41:00-04:00,74.01000213623047,74.01000213623047,73.83000183105469,73.83999633789062,3699,GIS
2024-09-11 09:42:00-04:00,73.83999633789062,73.83999633789062,73.7699966430664,73.7699966430664,3058,GIS
2024-09-11 09:43:00-04:00,73.76000213623047,73.80000305175781,73.74500274658203,73.75499725341797,4978,GIS
2024-09-11 09:44:00-04:00,73.73999786376953,73.73999786376953,73.66590118408203,73.69999694824219,3374,GIS
2024-09-11 09:45:00-04:00,73.68000030517578,73.75,73.66999816894531,73.75,5240,GIS
2024-09-11 09:46:00-04:00,73.74500274658203,73.87000274658203,73.73999786376953,73.8499984741211,9163,GIS
2024-09-11 09:47:00-04:00,73.83999633789062,73.83999633789062,73.75,73.7699966430664,2667,GIS
2024-09-11 09:48:00-04:00,73.75499725341797,73.77999877929688,73.70999908447266,73.70999908447266,6577,GIS
2024-09-11 09:49:00-04:00,73.71499633789062,73.74500274658203,73.66999816894531,73.68499755859375,11217,GIS
2024-09-11 09:50:00-04:00,73.68499755859375,73.77999877929688,73.68499755859375,73.72000122070312,15224,GIS
2024-09-11 09:51:00-04:00,73.69499969482422,73.77999877929688,73.68000030517578,73.7699966430664,10916,GIS
2024-09-11 09:52:00-04:00,73.79000091552734,73.83000183105469,73.75,73.77999877929688,10569,GIS
2024-09-11 09:53:00-04:00,73.73999786376953,73.80000305175781,73.7300033569336,73.80000305175781,3125,GIS
2024-09-11 09:54:00-04:00,73.80000305175781,73.80999755859375,73.77040100097656,73.79499816894531,3415,GIS
2024-09-11 09:55:00-04:00,73.77999877929688,73.7925033569336,73.70999908447266,73.73249816894531,35009,GIS
2024-09-11 09:56:00-04:00,73.7300033569336,73.73999786376953,73.70999908447266,73.70999908447266,6517,GIS
2024-09-11 09:57:00-04:00,73.70999908447266,73.75,73.69999694824219,73.7300033569336,12837,GIS
2024-09-11 09:58:00-04:00,73.7300033569336,73.77999877929688,73.69999694824219,73.7750015258789,5485,GIS
2024-09-11 09:59:00-04:00,73.76000213623047,73.76000213623047,73.69000244140625,73.69000244140625,14563,GIS
2024-09-11 10:00:00-04:00,73.7699966430664,73.7699966430664,73.66999816894531,73.7699966430664,11312,GIS
2024-09-11 10:01:00-04:00,73.75,73.75,73.69999694824219,73.7300033569336,14133,GIS
2024-09-11 10:02:00-04:00,73.69000244140625,73.75,73.63999938964844,73.75,10729,GIS
2024-09-11 10:03:00-04:00,73.76000213623047,73.7699966430664,73.70999908447266,73.72000122070312,8629,GIS
2024-09-11 10:04:00-04:00,73.7249984741211,73.7300033569336,73.69999694824219,73.72000122070312,5076,GIS
2024-09-11 10:05:00-04:00,73.72000122070312,73.83000183105469,73.72000122070312,73.82099914550781,17421,GIS
2024-09-11 10:06:00-04:00,73.83000183105469,73.86000061035156,73.80999755859375,73.83999633789062,4082,GIS
2024-09-11 10:07:00-04:00,73.83999633789062,73.86000061035156,73.80000305175781,73.83999633789062,3994,GIS
2024-09-11 10:08:00-04:00,73.8499984741211,73.87000274658203,73.80000305175781,73.80000305175781,3471,GIS
2024-09-11 10:09:00-04:00,73.81999969482422,73.87999725341797,73.81999969482422,73.87999725341797,3867,GIS
2024-09-11 10:10:00-04:00,73.86000061035156,73.9000015258789,73.86000061035156,73.88999938964844,4330,GIS
2024-09-11 10:11:00-04:00,73.88999938964844,73.88999938964844,73.86000061035156,73.88999938964844,7043,GIS
2024-09-11 10:12:00-04:00,73.87999725341797,73.88999938964844,73.86000061035156,73.87000274658203,3009,GIS
2024-09-11 10:13:00-04:00,73.87999725341797,73.87999725341797,73.86499786376953,73.86499786376953,3429,GIS
2024-09-11 10:14:00-04:00,73.87000274658203,73.94000244140625,73.87000274658203,73.94000244140625,6820,GIS
2024-09-11 10:15:00-04:00,73.94999694824219,73.94999694824219,73.91000366210938,73.93499755859375,4980,GIS
2024-09-11 10:16:00-04:00,73.93000030517578,73.94000244140625,73.91000366210938,73.93000030517578,3660,GIS
2024-09-11 10:17:00-04:00,73.94000244140625,73.9800033569336,73.94000244140625,73.9800033569336,3478,GIS
2024-09-11 10:18:00-04:00,73.9800033569336,73.9800033569336,73.91999816894531,73.91999816894531,5699,GIS
2024-09-11 10:19:00-04:00,73.91500091552734,73.91999816894531,73.8949966430664,73.9000015258789,5818,GIS
2024-09-11 10:20:00-04:00,73.91000366210938,73.91950225830078,73.91000366210938,73.91000366210938,3729,GIS
2024-09-11 10:21:00-04:00,73.91500091552734,73.93000030517578,73.91500091552734,73.93000030517578,4815,GIS
2024-09-11 10:22:00-04:00,73.94000244140625,73.95500183105469,73.88999938964844,73.91000366210938,8443,GIS
2024-09-11 10:23:00-04:00,73.91000366210938,73.91000366210938,73.83000183105469,73.8499984741211,6602,GIS
2024-09-11 10:24:00-04:00,73.85099792480469,73.86000061035156,73.7750015258789,73.79000091552734,7357,GIS
2024-09-11 10:25:00-04:00,73.79000091552734,73.79000091552734,73.70999908447266,73.70999908447266,4008,GIS
2024-09-11 10:26:00-04:00,73.69999694824219,73.69999694824219,73.5999984741211,73.5999984741211,6383,GIS
2024-09-11 10:27:00-04:00,73.61000061035156,73.62000274658203,73.44999694824219,73.4800033569336,19414,GIS
2024-09-11 10:28:00-04:00,73.47000122070312,73.5,73.45999908447266,73.4800033569336,7560,GIS
2024-09-11 10:29:00-04:00,73.45999908447266,73.48604583740234,73.44499969482422,73.4800033569336,5993,GIS
2024-09-11 10:30:00-04:00,73.48999786376953,73.56999969482422,73.48999786376953,73.55999755859375,8619,GIS
2024-09-11 10:31:00-04:00,73.55999755859375,73.58000183105469,73.52999877929688,73.54000091552734,7641,GIS
2024-09-11 10:32:00-04:00,73.54000091552734,73.55000305175781,73.52999877929688,73.55000305175781,8939,GIS
2024-09-11 10:33:00-04:00,73.56999969482422,73.56999969482422,73.54000091552734,73.55000305175781,4367,GIS
2024-09-11 10:34:00-04:00,73.55000305175781,73.55999755859375,73.5082015991211,73.5082015991211,4715,GIS
2024-09-11 10:35:00-04:00,73.52999877929688,73.54000091552734,73.5199966430664,73.5199966430664,2459,GIS
2024-09-11 10:36:00-04:00,73.54000091552734,73.54000091552734,73.54000091552734,73.54000091552734,7196,GIS
2024-09-11 10:37:00-04:00,73.54000091552734,73.54399871826172,73.51000213623047,73.54399871826172,4167,GIS
2024-09-11 10:38:00-04:00,73.55000305175781,73.5999984741211,73.55000305175781,73.58000183105469,2441,GIS
2024-09-11 10:39:00-04:00,73.58999633789062,73.5999984741211,73.58999633789062,73.5999984741211,2564,GIS
2024-09-11 10:40:00-04:00,73.62000274658203,73.62000274658203,73.58999633789062,73.58999633789062,6736,GIS
2024-09-11 10:41:00-04:00,73.5999984741211,73.5999984741211,73.55999755859375,73.56999969482422,4473,GIS
2024-09-11 10:42:00-04:00,73.58000183105469,73.58999633789062,73.56999969482422,73.56999969482422,1299,GIS
2024-09-11 10:43:00-04:00,73.58999633789062,73.63999938964844,73.58000183105469,73.63999938964844,5102,GIS
2024-09-11 10:44:00-04:00,73.62999725341797,73.66000366210938,73.62000274658203,73.66000366210938,5191,GIS
2024-09-11 10:45:00-04:00,73.65499877929688,73.66999816894531,73.62999725341797,73.66999816894531,16944,GIS
2024-09-11 10:46:00-04:00,73.66000366210938,73.68000030517578,73.62999725341797,73.68000030517578,6312,GIS
2024-09-11 10:47:00-04:00,73.69000244140625,73.70500183105469,73.69000244140625,73.69499969482422,6935,GIS
2024-09-11 10:48:00-04:00,73.69000244140625,73.69000244140625,73.62000274658203,73.66999816894531,14181,GIS
2024-09-11 10:49:00-04:00,73.6500015258789,73.6500015258789,73.62000274658203,73.63999938964844,5015,GIS
2024-09-11 10:50:00-04:00,73.63999938964844,73.69000244140625,73.62999725341797,73.69000244140625,6206,GIS
2024-09-11 10:51:00-04:00,73.69499969482422,73.72000122070312,73.6500015258789,73.66999816894531,9008,GIS
2024-09-11 10:52:00-04:00,73.67500305175781,73.7300033569336,73.66000366210938,73.7300033569336,8764,GIS
2024-09-11 10:53:00-04:00,73.70999908447266,73.70999908447266,73.67500305175781,73.68000030517578,7623,GIS
2024-09-11 10:54:00-04:00,73.66999816894531,73.69000244140625,73.63500213623047,73.69000244140625,9921,GIS
2024-09-11 10:55:00-04:00,73.69000244140625,73.75,73.66000366210938,73.75,12900,GIS
2024-09-11 10:56:00-04:00,73.7300033569336,73.7300033569336,73.62000274658203,73.62000274658203,12952,GIS
2024-09-11 10:57:00-04:00,73.62000274658203,73.63999938964844,73.6050033569336,73.62999725341797,14073,GIS
2024-09-11 10:58:00-04:00,73.63999938964844,73.6500015258789,73.62999725341797,73.63999938964844,5447,GIS
2024-09-11 10:59:00-04:00,73.62999725341797,73.6500015258789,73.58999633789062,73.58999633789062,9028,GIS
2024-09-11 11:00:00-04:00,73.5999984741211,73.62000274658203,73.5999984741211,73.6050033569336,11243,GIS
2024-09-11 11:01:00-04:00,73.62000274658203,73.6500015258789,73.62000274658203,73.6500015258789,6357,GIS
2024-09-11 11:02:00-04:00,73.62999725341797,73.62999725341797,73.55000305175781,73.57499694824219,8345,GIS
2024-09-11 11:03:00-04:00,73.56999969482422,73.56999969482422,73.55000305175781,73.55000305175781,3287,GIS
2024-09-11 11:04:00-04:00,73.54000091552734,73.54000091552734,73.5,73.5199966430664,5580,GIS
2024-09-11 11:05:00-04:00,73.5199966430664,73.5199966430664,73.44000244140625,73.44999694824219,8211,GIS
2024-09-11 11:06:00-04:00,73.44300079345703,73.47000122070312,73.41000366210938,73.45999908447266,11486,GIS
2024-09-11 11:07:00-04:00,73.45867156982422,73.47000122070312,73.44999694824219,73.45999908447266,2321,GIS
2024-09-11 11:08:00-04:00,73.44000244140625,73.44999694824219,73.4010009765625,73.41999816894531,6267,GIS
2024-09-11 11:09:00-04:00,73.43000030517578,73.48999786376953,73.43000030517578,73.48999786376953,6099,GIS
2024-09-11 11:10:00-04:00,73.48500061035156,73.48500061035156,73.43000030517578,73.45999908447266,7637,GIS
2024-09-11 11:11:00-04:00,73.45999908447266,73.45999908447266,73.44000244140625,73.44000244140625,3351,GIS
2024-09-11 11:12:00-04:00,73.44000244140625,73.44999694824219,73.43000030517578,73.43000030517578,4557,GIS
2024-09-11 11:13:00-04:00,73.43499755859375,73.46499633789062,73.43000030517578,73.45999908447266,7217,GIS
2024-09-11 11:14:00-04:00,73.47000122070312,73.51000213623047,73.46499633789062,73.50499725341797,14641,GIS
2024-09-11 11:15:00-04:00,73.5,73.5250015258789,73.5,73.5199966430664,5828,GIS
2024-09-11 11:17:00-04:00,73.5199966430664,73.52999877929688,73.50499725341797,73.51499938964844,11029,GIS
2024-09-11 11:18:00-04:00,73.51000213623047,73.51000213623047,73.45999908447266,73.4749984741211,8986,GIS
2024-09-11 11:19:00-04:00,73.4800033569336,73.5,73.47000122070312,73.48999786376953,13210,GIS
2024-09-11 11:20:00-04:00,73.48999786376953,73.55500030517578,73.48999786376953,73.55000305175781,4983,GIS
2024-09-11 11:21:00-04:00,73.55999755859375,73.58000183105469,73.55999755859375,73.55999755859375,4572,GIS
2024-09-11 11:22:00-04:00,73.55999755859375,73.55999755859375,73.5,73.5,9143,GIS
2024-09-11 11:23:00-04:00,73.4800033569336,73.5,73.47000122070312,73.4800033569336,4959,GIS
2024-09-11 11:24:00-04:00,73.4800033569336,73.48999786376953,73.45500183105469,73.46499633789062,6375,GIS
2024-09-11 11:25:00-04:00,73.44999694824219,73.44999694824219,73.4000015258789,73.40499877929688,4809,GIS
2024-09-11 11:26:00-04:00,73.4000015258789,73.40499877929688,73.38999938964844,73.38999938964844,5376,GIS
2024-09-11 11:27:00-04:00,73.39563751220703,73.40499877929688,73.37999725341797,73.4000015258789,3657,GIS
2024-09-11 11:28:00-04:00,73.4000015258789,73.42500305175781,73.4000015258789,73.41000366210938,3737,GIS
2024-09-11 11:29:00-04:00,73.41000366210938,73.41000366210938,73.38520050048828,73.38999938964844,3362,GIS
2024-09-11 11:30:00-04:00,73.38999938964844,73.3949966430664,73.36499786376953,73.37000274658203,5490,GIS
2024-09-11 11:31:00-04:00,73.36499786376953,73.4000015258789,73.36499786376953,73.375,2805,GIS
2024-09-11 11:32:00-04:00,73.375,73.41999816894531,73.37000274658203,73.41999816894531,11104,GIS
2024-09-11 11:33:00-04:00,73.41999816894531,73.44499969482422,73.41999816894531,73.44000244140625,3506,GIS
2024-09-11 11:34:00-04:00,73.43499755859375,73.46499633789062,73.43499755859375,73.45999908447266,2778,GIS
2024-09-11 11:35:00-04:00,73.44000244140625,73.47000122070312,73.43000030517578,73.47000122070312,7426,GIS
2024-09-11 11:36:00-04:00,73.46499633789062,73.51899719238281,73.44499969482422,73.44499969482422,8132,GIS
2024-09-11 11:37:00-04:00,73.44999694824219,73.48999786376953,73.44999694824219,73.47000122070312,8261,GIS
2024-09-11 11:38:00-04:00,73.4749984741211,73.4749984741211,73.44000244140625,73.44999694824219,10545,GIS
2024-09-11 11:39:00-04:00,73.44499969482422,73.48999786376953,73.44499969482422,73.48999786376953,6171,GIS
2024-09-11 11:40:00-04:00,73.5250015258789,73.52999877929688,73.5199966430664,73.52999877929688,2060,GIS
2024-09-11 11:41:00-04:00,73.52999877929688,73.55000305175781,73.5199966430664,73.5215835571289,4904,GIS
2024-09-11 11:42:00-04:00,73.52999877929688,73.55000305175781,73.52999877929688,73.54499816894531,3968,GIS
2024-09-11 11:43:00-04:00,73.55000305175781,73.55000305175781,73.47000122070312,73.47000122070312,9959,GIS
2024-09-11 11:44:00-04:00,73.47000122070312,73.50499725341797,73.47000122070312,73.4749984741211,7365,GIS
2024-09-11 11:45:00-04:00,73.48999786376953,73.5,73.47000122070312,73.4800033569336,3079,GIS
2024-09-11 11:46:00-04:00,73.48899841308594,73.48899841308594,73.43000030517578,73.44499969482422,21412,GIS
2024-09-11 11:47:00-04:00,73.44000244140625,73.48500061035156,73.44000244140625,73.48500061035156,6523,GIS
2024-09-11 11:48:00-04:00,73.48500061035156,73.48999786376953,73.44000244140625,73.44999694824219,10150,GIS
2024-09-11 11:49:00-04:00,73.45999908447266,73.47000122070312,73.45999908447266,73.46499633789062,1967,GIS
2024-09-11 11:50:00-04:00,73.45999908447266,73.45999908447266,73.44000244140625,73.44000244140625,15681,GIS
2024-09-11 11:51:00-04:00,73.43000030517578,73.44499969482422,73.41999816894531,73.41999816894531,13128,GIS
2024-09-11 11:52:00-04:00,73.42500305175781,73.42500305175781,73.37999725341797,73.39409637451172,12434,GIS
2024-09-11 11:53:00-04:00,73.38500213623047,73.41600036621094,73.38500213623047,73.39749908447266,3156,GIS
2024-09-11 11:54:00-04:00,73.4000015258789,73.4000015258789,73.36000061035156,73.4000015258789,11665,GIS
2024-09-11 11:55:00-04:00,73.41000366210938,73.44000244140625,73.41000366210938,73.43499755859375,3913,GIS
2024-09-11 11:56:00-04:00,73.43499755859375,73.43499755859375,73.37999725341797,73.38500213623047,13720,GIS
2024-09-11 11:57:00-04:00,73.38500213623047,73.41000366210938,73.38500213623047,73.38500213623047,11295,GIS
2024-09-11 11:58:00-04:00,73.38500213623047,73.38999938964844,73.36000061035156,73.38500213623047,14965,GIS
2024-09-11 11:59:00-04:00,73.38500213623047,73.38500213623047,73.3499984741211,73.37000274658203,14816,GIS
2024-09-11 12:00:00-04:00,73.37000274658203,73.41000366210938,73.36000061035156,73.41000366210938,10596,GIS
2024-09-11 12:01:00-04:00,73.41600036621094,73.44000244140625,73.41000366210938,73.43499755859375,7171,GIS
2024-09-11 12:02:00-04:00,73.43499755859375,73.43499755859375,73.33000183105469,73.36000061035156,23347,GIS
2024-09-11 12:03:00-04:00,73.36499786376953,73.37999725341797,73.36000061035156,73.375,6191,GIS
2024-09-11 12:04:00-04:00,73.37999725341797,73.44999694824219,73.37799835205078,73.44499969482422,8061,GIS
2024-09-11 12:05:00-04:00,73.43000030517578,73.45500183105469,73.41999816894531,73.44059753417969,7242,GIS
2024-09-11 12:06:00-04:00,73.44999694824219,73.4800033569336,73.44999694824219,73.45999908447266,2705,GIS
2024-09-11 12:07:00-04:00,73.44999694824219,73.51000213623047,73.44499969482422,73.4800033569336,5338,GIS
2024-09-11 12:08:00-04:00,73.45999908447266,73.47000122070312,73.45999908447266,73.47000122070312,1126,GIS
2024-09-11 12:09:00-04:00,73.4800033569336,73.48999786376953,73.47000122070312,73.4800033569336,4051,GIS
2024-09-11 12:10:00-04:00,73.48999786376953,73.55999755859375,73.48999786376953,73.54000091552734,9254,GIS
2024-09-11 12:11:00-04:00,73.5199966430664,73.5199966430664,73.48999786376953,73.49600219726562,2850,GIS
2024-09-11 12:12:00-04:00,73.48999786376953,73.5,73.44999694824219,73.4749984741211,6642,GIS
2024-09-11 12:13:00-04:00,73.47000122070312,73.47000122070312,73.44000244140625,73.46499633789062,10781,GIS
2024-09-11 12:14:00-04:00,73.44999694824219,73.47000122070312,73.38999938964844,73.4000015258789,13047,GIS
2024-09-11 12:15:00-04:00,73.37999725341797,73.37999725341797,73.33000183105469,73.33000183105469,5030,GIS
2024-09-11 12:16:00-04:00,73.33999633789062,73.37999725341797,73.33999633789062,73.37999725341797,4701,GIS
2024-09-11 12:17:00-04:00,73.37000274658203,73.4000015258789,73.36000061035156,73.36000061035156,5403,GIS
2024-09-11 12:18:00-04:00,73.36000061035156,73.36000061035156,73.3499984741211,73.36000061035156,4677,GIS
2024-09-11 12:19:00-04:00,73.37000274658203,73.37000274658203,73.30999755859375,73.31500244140625,8723,GIS
2024-09-11 12:20:00-04:00,73.30999755859375,73.31999969482422,73.30000305175781,73.30999755859375,14564,GIS
2024-09-11 12:21:00-04:00,73.30000305175781,73.30000305175781,73.2750015258789,73.29000091552734,7244,GIS
2024-09-11 12:22:00-04:00,73.27999877929688,73.28500366210938,73.23999786376953,73.23999786376953,11209,GIS
2024-09-11 12:23:00-04:00,73.23500061035156,73.24500274658203,73.20999908447266,73.21499633789062,8442,GIS
2024-09-11 12:24:00-04:00,73.21499633789062,73.22000122070312,73.1500015258789,73.16000366210938,8017,GIS
2024-09-11 12:25:00-04:00,73.1449966430664,73.1500015258789,73.13500213623047,73.1500015258789,6185,GIS
2024-09-11 12:26:00-04:00,73.1449966430664,73.19999694824219,73.1449966430664,73.19000244140625,9557,GIS
2024-09-11 12:27:00-04:00,73.18499755859375,73.19000244140625,73.18209838867188,73.18499755859375,4590,GIS
2024-09-11 12:28:00-04:00,73.19000244140625,73.2300033569336,73.18499755859375,73.2300033569336,12544,GIS
2024-09-11 12:29:00-04:00,73.2300033569336,73.25,73.2249984741211,73.2300033569336,5337,GIS
2024-09-11 12:30:00-04:00,73.23999786376953,73.25,73.21499633789062,73.21499633789062,5447,GIS
2024-09-11 12:31:00-04:00,73.21499633789062,73.2300033569336,73.19000244140625,73.19000244140625,48623,GIS
2024-09-11 12:32:00-04:00,73.18000030517578,73.19000244140625,73.13999938964844,73.16999816894531,6619,GIS
2024-09-11 12:33:00-04:00,73.16999816894531,73.20999908447266,73.16999816894531,73.18000030517578,4288,GIS
2024-09-11 12:34:00-04:00,73.16999816894531,73.16999816894531,73.12000274658203,73.13500213623047,5216,GIS
2024-09-11 12:35:00-04:00,73.13999938964844,73.1500015258789,73.11499786376953,73.12999725341797,3801,GIS
2024-09-11 12:36:00-04:00,73.13500213623047,73.13500213623047,73.05999755859375,73.05999755859375,4422,GIS
2024-09-11 12:37:00-04:00,73.06500244140625,73.08000183105469,73.02999877929688,73.02999877929688,4300,GIS
2024-09-11 12:38:00-04:00,73.01000213623047,73.08000183105469,73.01000213623047,73.06999969482422,9061,GIS
2024-09-11 12:39:00-04:00,73.06999969482422,73.08000183105469,73.04000091552734,73.06500244140625,3496,GIS
2024-09-11 12:40:00-04:00,73.06999969482422,73.08000183105469,73.06999969482422,73.08000183105469,2161,GIS
2024-09-11 12:41:00-04:00,73.09140014648438,73.1050033569336,73.08000183105469,73.1050033569336,3527,GIS
2024-09-11 12:42:00-04:00,73.11000061035156,73.12000274658203,73.09500122070312,73.09500122070312,4708,GIS
2024-09-11 12:43:00-04:00,73.09500122070312,73.09500122070312,73.07499694824219,73.07499694824219,2167,GIS
2024-09-11 12:44:00-04:00,73.07499694824219,73.11000061035156,73.07499694824219,73.11000061035156,5235,GIS
2024-09-11 12:45:00-04:00,73.12000274658203,73.12999725341797,73.11000061035156,73.12000274658203,2089,GIS
2024-09-11 12:46:00-04:00,73.12000274658203,73.13500213623047,73.12000274658203,73.12999725341797,3189,GIS
2024-09-11 12:47:00-04:00,73.12999725341797,73.13500213623047,73.12000274658203,73.13500213623047,4699,GIS
2024-09-11 12:48:00-04:00,73.13500213623047,73.16999816894531,73.12999725341797,73.16500091552734,9103,GIS
2024-09-11 12:49:00-04:00,73.18000030517578,73.19000244140625,73.17469787597656,73.17500305175781,2628,GIS
2024-09-11 12:50:00-04:00,73.16999816894531,73.16999816894531,73.1500015258789,73.1500015258789,2749,GIS
2024-09-11 12:51:00-04:00,73.15499877929688,73.16999816894531,73.15499877929688,73.16999816894531,2512,GIS
2024-09-11 12:52:00-04:00,73.16000366210938,73.16000366210938,73.13999938964844,73.13999938964844,4033,GIS
2024-09-11 12:53:00-04:00,73.13500213623047,73.1449966430664,73.13500213623047,73.1449966430664,3083,GIS
2024-09-11 12:54:00-04:00,73.1449966430664,73.1500015258789,73.1449966430664,73.1449966430664,1380,GIS
2024-09-11 12:55:00-04:00,73.1449966430664,73.22000122070312,73.1449966430664,73.22000122070312,5245,GIS
2024-09-11 12:56:00-04:00,73.21499633789062,73.22000122070312,73.20999908447266,73.20999908447266,2348,GIS
2024-09-11 12:57:00-04:00,73.22000122070312,73.2699966430664,73.22000122070312,73.2699966430664,3880,GIS
2024-09-11 12:58:00-04:00,73.26000213623047,73.29000091552734,73.26000213623047,73.27999877929688,4478,GIS
2024-09-11 12:59:00-04:00,73.27010345458984,73.27999877929688,73.2699966430664,73.27999877929688,4043,GIS
2024-09-11 13:00:00-04:00,73.27999877929688,73.30999755859375,73.27999877929688,73.30000305175781,4301,GIS
2024-09-11 13:01:00-04:00,73.30000305175781,73.30000305175781,73.29000091552734,73.29499816894531,2157,GIS
2024-09-11 13:02:00-04:00,73.30000305175781,73.30000305175781,73.25,73.26000213623047,6465,GIS
2024-09-11 13:03:00-04:00,73.26000213623047,73.2699966430664,73.25399780273438,73.26000213623047,3782,GIS
2024-09-11 13:04:00-04:00,73.26499938964844,73.26499938964844,73.19999694824219,73.20999908447266,4836,GIS
2024-09-11 13:05:00-04:00,73.20999908447266,73.20999908447266,73.16999816894531,73.16999816894531,1995,GIS
2024-09-11 13:06:00-04:00,73.17500305175781,73.19000244140625,73.17500305175781,73.18000030517578,5560,GIS
2024-09-11 13:07:00-04:00,73.18499755859375,73.18499755859375,73.16999816894531,73.17500305175781,4825,GIS
2024-09-11 13:08:00-04:00,73.17500305175781,73.17500305175781,73.16010284423828,73.16500091552734,6916,GIS
2024-09-11 13:09:00-04:00,73.16500091552734,73.2249984741211,73.16500091552734,73.19000244140625,13751,GIS
2024-09-11 13:10:00-04:00,73.18499755859375,73.22000122070312,73.18499755859375,73.20500183105469,3570,GIS
2024-09-11 13:11:00-04:00,73.19999694824219,73.19999694824219,73.16500091552734,73.17500305175781,3984,GIS
2024-09-11 13:12:00-04:00,73.17500305175781,73.19000244140625,73.16000366210938,73.16000366210938,3893,GIS
2024-09-11 13:13:00-04:00,73.16000366210938,73.16000366210938,73.12999725341797,73.12999725341797,4035,GIS
2024-09-11 13:14:00-04:00,73.1449966430664,73.1449966430664,73.13999938964844,73.13999938964844,7095,GIS
2024-09-11 13:15:00-04:00,73.12999725341797,73.12999725341797,73.09500122070312,73.09500122070312,3488,GIS
2024-09-11 13:16:00-04:00,73.0999984741211,73.11499786376953,73.0999984741211,73.11499786376953,3835,GIS
2024-09-11 13:17:00-04:00,73.11499786376953,73.11499786376953,73.08999633789062,73.09500122070312,4176,GIS
2024-09-11 13:18:00-04:00,73.0999984741211,73.12999725341797,73.0999984741211,73.12999725341797,6373,GIS
2024-09-11 13:19:00-04:00,73.13500213623047,73.16999816894531,73.13349914550781,73.13999938964844,7262,GIS
2024-09-11 13:20:00-04:00,73.12999725341797,73.12999725341797,73.1050033569336,73.12999725341797,4925,GIS
2024-09-11 13:21:00-04:00,73.12999725341797,73.13999938964844,73.11000061035156,73.11000061035156,4375,GIS
2024-09-11 13:22:00-04:00,73.1050033569336,73.1050033569336,73.08000183105469,73.08000183105469,4754,GIS
2024-09-11 13:23:00-04:00,73.06999969482422,73.06999969482422,73.04499816894531,73.05000305175781,3290,GIS
2024-09-11 13:24:00-04:00,73.05000305175781,73.05000305175781,73.01000213623047,73.01499938964844,2768,GIS
2024-09-11 13:25:00-04:00,73.0199966430664,73.0199966430664,73.00499725341797,73.0199966430664,5926,GIS
2024-09-11 13:26:00-04:00,73.0199966430664,73.0199966430664,72.98999786376953,73.0,3734,GIS
2024-09-11 13:27:00-04:00,72.99500274658203,73.00399780273438,72.98999786376953,72.99500274658203,3803,GIS
2024-09-11 13:28:00-04:00,72.98999786376953,72.98999786376953,72.95500183105469,72.95500183105469,5553,GIS
2024-09-11 13:29:00-04:00,72.95500183105469,72.9800033569336,72.95500183105469,72.95999908447266,6274,GIS
2024-09-11 13:30:00-04:00,72.95500183105469,72.9800033569336,72.95500183105469,72.9749984741211,5530,GIS
2024-09-11 13:31:00-04:00,72.9749984741211,72.99500274658203,72.9749984741211,72.99009704589844,4311,GIS
2024-09-11 13:32:00-04:00,73.0,73.01499938964844,73.0,73.0,2968,GIS
2024-09-11 13:33:00-04:00,73.01000213623047,73.0199966430664,73.0,73.01499938964844,8585,GIS
2024-09-11 13:34:00-04:00,73.01000213623047,73.0250015258789,73.01000213623047,73.0199966430664,8300,GIS
2024-09-11 13:35:00-04:00,73.0199966430664,73.0250015258789,72.97000122070312,72.97000122070312,14805,GIS
2024-09-11 13:36:00-04:00,72.97000122070312,72.9800033569336,72.95999908447266,72.97000122070312,7481,GIS
2024-09-11 13:37:00-04:00,72.95999908447266,72.9749984741211,72.95999908447266,72.97000122070312,5809,GIS
2024-09-11 13:38:00-04:00,72.96499633789062,72.96710205078125,72.95580291748047,72.95580291748047,2560,GIS
2024-09-11 13:39:00-04:00,72.95999908447266,72.97000122070312,72.94999694824219,72.96499633789062,5988,GIS
2024-09-11 13:40:00-04:00,72.95999908447266,72.95999908447266,72.94999694824219,72.94999694824219,2481,GIS
2024-09-11 13:41:00-04:00,72.94999694824219,72.9749984741211,72.94999694824219,72.9749984741211,7076,GIS
2024-09-11 13:42:00-04:00,72.97000122070312,72.9800033569336,72.94999694824219,72.94999694824219,3818,GIS
2024-09-11 13:43:00-04:00,72.94000244140625,72.94000244140625,72.88999938964844,72.8949966430664,10364,GIS
2024-09-11 13:44:00-04:00,72.9000015258789,72.93000030517578,72.8949966430664,72.93000030517578,10033,GIS
2024-09-11 13:45:00-04:00,72.94000244140625,72.94000244140625,72.91500091552734,72.91500091552734,3227,GIS
2024-09-11 13:46:00-04:00,72.91999816894531,72.94000244140625,72.91999816894531,72.91999816894531,2801,GIS
2024-09-11 13:47:00-04:00,72.91999816894531,72.91999816894531,72.91000366210938,72.91999816894531,3590,GIS
2024-09-11 13:48:00-04:00,72.93000030517578,72.94000244140625,72.92500305175781,72.93499755859375,4017,GIS
2024-09-11 13:49:00-04:00,72.93000030517578,72.93000030517578,72.92500305175781,72.93000030517578,5368,GIS
2024-09-11 13:50:00-04:00,72.94000244140625,72.94000244140625,72.92500305175781,72.93000030517578,3825,GIS
2024-09-11 13:51:00-04:00,72.93000030517578,72.95999908447266,72.93000030517578,72.94499969482422,5953,GIS
2024-09-11 13:52:00-04:00,72.94000244140625,72.94000244140625,72.93000030517578,72.94000244140625,3975,GIS
2024-09-11 13:53:00-04:00,72.93499755859375,72.95500183105469,72.93499755859375,72.94999694824219,5590,GIS
2024-09-11 13:54:00-04:00,72.95999908447266,72.98999786376953,72.94499969482422,72.94999694824219,8209,GIS
2024-09-11 13:55:00-04:00,72.94999694824219,72.94999694824219,72.93000030517578,72.93000030517578,4050,GIS
2024-09-11 13:56:00-04:00,72.91999816894531,72.93499755859375,72.91999816894531,72.93499755859375,2275,GIS
2024-09-11 13:57:00-04:00,72.93000030517578,72.94000244140625,72.90499877929688,72.90499877929688,6967,GIS
2024-09-11 13:58:00-04:00,72.9000015258789,72.9000015258789,72.8499984741211,72.8499984741211,8524,GIS
2024-09-11 13:59:00-04:00,72.8550033569336,72.875,72.8550033569336,72.8550033569336,7667,GIS
2024-09-11 14:00:00-04:00,72.8499984741211,72.87000274658203,72.8499984741211,72.8550033569336,8144,GIS
2024-09-11 14:01:00-04:00,72.8550033569336,72.8550033569336,72.83499908447266,72.83499908447266,5342,GIS
2024-09-11 14:02:00-04:00,72.83499908447266,72.83499908447266,72.80500030517578,72.80500030517578,3725,GIS
2024-09-11 14:03:00-04:00,72.80380249023438,72.83000183105469,72.80380249023438,72.82499694824219,10063,GIS
2024-09-11 14:04:00-04:00,72.84500122070312,72.84500122070312,72.83000183105469,72.83000183105469,5611,GIS
2024-09-11 14:05:00-04:00,72.81500244140625,72.81500244140625,72.80000305175781,72.80999755859375,1798,GIS
2024-09-11 14:06:00-04:00,72.80460357666016,72.80581665039062,72.7699966430664,72.7699966430664,4549,GIS
2024-09-11 14:07:00-04:00,72.76000213623047,72.77999877929688,72.76000213623047,72.7750015258789,4479,GIS
2024-09-11 14:08:00-04:00,72.77999877929688,72.8499984741211,72.77749633789062,72.83999633789062,7159,GIS
2024-09-11 14:09:00-04:00,72.84500122070312,72.84500122070312,72.80000305175781,72.80500030517578,6482,GIS
2024-09-11 14:10:00-04:00,72.80000305175781,72.80000305175781,72.76499938964844,72.76499938964844,5614,GIS
2024-09-11 14:11:00-04:00,72.76499938964844,72.77999877929688,72.76499938964844,72.7750015258789,8378,GIS
2024-09-11 14:12:00-04:00,72.7699966430664,72.77999877929688,72.76499938964844,72.76499938964844,5661,GIS
2024-09-11 14:13:00-04:00,72.76000213623047,72.76000213623047,72.73999786376953,72.74500274658203,4179,GIS
2024-09-11 14:14:00-04:00,72.75,72.7750015258789,72.74500274658203,72.7750015258789,8047,GIS
2024-09-11 14:15:00-04:00,72.7750015258789,72.77999877929688,72.76499938964844,72.77999877929688,5551,GIS
2024-09-11 14:16:00-04:00,72.7750015258789,72.78500366210938,72.76499938964844,72.76499938964844,2934,GIS
2024-09-11 14:17:00-04:00,72.7699966430664,72.77999877929688,72.76499938964844,72.76499938964844,4397,GIS
2024-09-11 14:18:00-04:00,72.76499938964844,72.77999877929688,72.75499725341797,72.7750015258789,10198,GIS
2024-09-11 14:19:00-04:00,72.77999877929688,72.77999877929688,72.7300033569336,72.73500061035156,9391,GIS
2024-09-11 14:20:00-04:00,72.72000122070312,72.72000122070312,72.69000244140625,72.69999694824219,3212,GIS
2024-09-11 14:21:00-04:00,72.69499969482422,72.70999908447266,72.66999816894531,72.68000030517578,5068,GIS
2024-09-11 14:22:00-04:00,72.66999816894531,72.68900299072266,72.66999816894531,72.68900299072266,4967,GIS
2024-09-11 14:23:00-04:00,72.69000244140625,72.69999694824219,72.66999816894531,72.66999816894531,7933,GIS
2024-09-11 14:24:00-04:00,72.66999816894531,72.68000030517578,72.66999816894531,72.67500305175781,2328,GIS
2024-09-11 14:25:00-04:00,72.66999816894531,72.66999816894531,72.65499877929688,72.65499877929688,7149,GIS
2024-09-11 14:26:00-04:00,72.6500015258789,72.6500015258789,72.62989807128906,72.62989807128906,3427,GIS
2024-09-11 14:27:00-04:00,72.625,72.62999725341797,72.56900024414062,72.58499908447266,12451,GIS
2024-09-11 14:28:00-04:00,72.58499908447266,72.58989715576172,72.55000305175781,72.56999969482422,8983,GIS
2024-09-11 14:29:00-04:00,72.55999755859375,72.61000061035156,72.55999755859375,72.6050033569336,20653,GIS
2024-09-11 14:30:00-04:00,72.5999984741211,72.5999984741211,72.56999969482422,72.56999969482422,6871,GIS
2024-09-11 14:31:00-04:00,72.58000183105469,72.66000366210938,72.58000183105469,72.63999938964844,9875,GIS
2024-09-11 14:32:00-04:00,72.6500015258789,72.69000244140625,72.6500015258789,72.6500015258789,10593,GIS
2024-09-11 14:33:00-04:00,72.6500015258789,72.66999816894531,72.6449966430664,72.6500015258789,6900,GIS
2024-09-11 14:34:00-04:00,72.6500015258789,72.66999816894531,72.6500015258789,72.66000366210938,5604,GIS
2024-09-11 14:35:00-04:00,72.66500091552734,72.66500091552734,72.63500213623047,72.63500213623047,4360,GIS
2024-09-11 14:36:00-04:00,72.63999938964844,72.6500015258789,72.63500213623047,72.6500015258789,6242,GIS
2024-09-11 14:37:00-04:00,72.6500015258789,72.68000030517578,72.63999938964844,72.63999938964844,9793,GIS
2024-09-11 14:38:00-04:00,72.63829803466797,72.69000244140625,72.63500213623047,72.69000244140625,14836,GIS
2024-09-11 14:39:00-04:00,72.69000244140625,72.69999694824219,72.67500305175781,72.69999694824219,4795,GIS
2024-09-11 14:40:00-04:00,72.70500183105469,72.70999908447266,72.68000030517578,72.68000030517578,4249,GIS
2024-09-11 14:41:00-04:00,72.68499755859375,72.73999786376953,72.68000030517578,72.7300033569336,7311,GIS
2024-09-11 14:42:00-04:00,72.73999786376953,72.73999786376953,72.71499633789062,72.7249984741211,5594,GIS
2024-09-11 14:43:00-04:00,72.7249984741211,72.7300033569336,72.69499969482422,72.69499969482422,6439,GIS
2024-09-11 14:44:00-04:00,72.69499969482422,72.76000213623047,72.69499969482422,72.75499725341797,8135,GIS
2024-09-11 14:45:00-04:00,72.76000213623047,72.79000091552734,72.75499725341797,72.78500366210938,3281,GIS
2024-09-11 14:46:00-04:00,72.77999877929688,72.77999877929688,72.75499725341797,72.7699966430664,9756,GIS
2024-09-11 14:47:00-04:00,72.7699966430664,72.79000091552734,72.7699966430664,72.79000091552734,7262,GIS
2024-09-11 14:48:00-04:00,72.78500366210938,72.81500244140625,72.77999877929688,72.81500244140625,5845,GIS
2024-09-11 14:49:00-04:00,72.81500244140625,72.81500244140625,72.7699966430664,72.7699966430664,7577,GIS
2024-09-11 14:50:00-04:00,72.7699966430664,72.7699966430664,72.73500061035156,72.75,6049,GIS
2024-09-11 14:51:00-04:00,72.76000213623047,72.76499938964844,72.75019836425781,72.76180267333984,4299,GIS
2024-09-11 14:52:00-04:00,72.7699966430664,72.79499816894531,72.7699966430664,72.78500366210938,5133,GIS
2024-09-11 14:53:00-04:00,72.77999877929688,72.77999877929688,72.75,72.75,4574,GIS
2024-09-11 14:54:00-04:00,72.74500274658203,72.75499725341797,72.73500061035156,72.74739837646484,5325,GIS
2024-09-11 14:55:00-04:00,72.73999786376953,72.73999786376953,72.72000122070312,72.72000122070312,4868,GIS
2024-09-11 14:56:00-04:00,72.72000122070312,72.75,72.72000122070312,72.73999786376953,6723,GIS
2024-09-11 14:57:00-04:00,72.73999786376953,72.73999786376953,72.72000122070312,72.7300033569336,8369,GIS
2024-09-11 14:58:00-04:00,72.73100280761719,72.7699966430664,72.7300033569336,72.7699966430664,7320,GIS
2024-09-11 14:59:00-04:00,72.76499938964844,72.77999877929688,72.76000213623047,72.77999877929688,5075,GIS
2024-09-11 15:01:00-04:00,72.81999969482422,72.81999969482422,72.81999969482422,72.81999969482422,0,GIS
2024-09-11 15:02:00-04:00,72.81500244140625,72.81999969482422,72.79499816894531,72.81999969482422,2266195,GIS
2024-09-11 15:03:00-04:00,72.80000305175781,72.83999633789062,72.80000305175781,72.83599853515625,3717,GIS
2024-09-11 15:04:00-04:00,72.83000183105469,72.84500122070312,72.82499694824219,72.84500122070312,4758,GIS
2024-09-11 15:05:00-04:00,72.8499984741211,72.86499786376953,72.84500122070312,72.8550033569336,4490,GIS
2024-09-11 15:06:00-04:00,72.86000061035156,72.87000274658203,72.8550033569336,72.86499786376953,2235,GIS
2024-09-11 15:07:00-04:00,72.86000061035156,72.86000061035156,72.80999755859375,72.81500244140625,8943,GIS
2024-09-11 15:08:00-04:00,72.81500244140625,72.81999969482422,72.80500030517578,72.80500030517578,4593,GIS
2024-09-11 15:09:00-04:00,72.80999755859375,72.83000183105469,72.80500030517578,72.83000183105469,7745,GIS
2024-09-11 15:10:00-04:00,72.83000183105469,72.84549713134766,72.83000183105469,72.84500122070312,2566,GIS
2024-09-11 15:11:00-04:00,72.84500122070312,72.86000061035156,72.83999633789062,72.8499984741211,7707,GIS
2024-09-11 15:12:00-04:00,72.83999633789062,72.8499984741211,72.83000183105469,72.83499908447266,4757,GIS
2024-09-11 15:13:00-04:00,72.83999633789062,72.84500122070312,72.83499908447266,72.83999633789062,4741,GIS
2024-09-11 15:14:00-04:00,72.83499908447266,72.83999633789062,72.83499908447266,72.83499908447266,3454,GIS
2024-09-11 15:15:00-04:00,72.83499908447266,72.84500122070312,72.83499908447266,72.83999633789062,4743,GIS
2024-09-11 15:16:00-04:00,72.83499908447266,72.87000274658203,72.83499908447266,72.84500122070312,9412,GIS
2024-09-11 15:17:00-04:00,72.83999633789062,72.86000061035156,72.83999633789062,72.8550033569336,7679,GIS
2024-09-11 15:18:00-04:00,72.8550033569336,72.8550033569336,72.83000183105469,72.83000183105469,8201,GIS
2024-09-11 15:19:00-04:00,72.83499908447266,72.8489990234375,72.81500244140625,72.81880187988281,8583,GIS
2024-09-11 15:20:00-04:00,72.81500244140625,72.81600189208984,72.80500030517578,72.80999755859375,3149,GIS
2024-09-11 15:21:00-04:00,72.80999755859375,72.80999755859375,72.80500030517578,72.80500030517578,4322,GIS
2024-09-11 15:22:00-04:00,72.80500030517578,72.80999755859375,72.7750015258789,72.7750015258789,10389,GIS
2024-09-11 15:23:00-04:00,72.77999877929688,72.77999877929688,72.76000213623047,72.76000213623047,3342,GIS
2024-09-11 15:24:00-04:00,72.76499938964844,72.7699966430664,72.75499725341797,72.75499725341797,14228,GIS
2024-09-11 15:25:00-04:00,72.75499725341797,72.77899932861328,72.75499725341797,72.76499938964844,7137,GIS
2024-09-11 15:26:00-04:00,72.76499938964844,72.83000183105469,72.76499938964844,72.83000183105469,5799,GIS
2024-09-11 15:27:00-04:00,72.83499908447266,72.83999633789062,72.82499694824219,72.83899688720703,7612,GIS
2024-09-11 15:28:00-04:00,72.83499908447266,72.86000061035156,72.83499908447266,72.84500122070312,6590,GIS
2024-09-11 15:29:00-04:00,72.8499984741211,72.86900329589844,72.84500122070312,72.8550033569336,6784,GIS
2024-09-11 15:30:00-04:00,72.8550033569336,72.93000030517578,72.8550033569336,72.93000030517578,16670,GIS
2024-09-11 15:31:00-04:00,72.92900085449219,72.9489974975586,72.91999816894531,72.93499755859375,9091,GIS
2024-09-11 15:32:00-04:00,72.93499755859375,72.94000244140625,72.91010284423828,72.93900299072266,8462,GIS
2024-09-11 15:33:00-04:00,72.93000030517578,72.96499633789062,72.91500091552734,72.94499969482422,9878,GIS
2024-09-11 15:34:00-04:00,72.94499969482422,72.9749984741211,72.93900299072266,72.93900299072266,11042,GIS
2024-09-11 15:36:00-04:00,73.02999877929688,73.02999877929688,73.02999877929688,73.02999877929688,32454,GIS
2024-09-11 15:37:00-04:00,73.02999877929688,73.03900146484375,73.0,73.0,7566,GIS
2024-09-11 15:38:00-04:00,73.00499725341797,73.05000305175781,73.00499725341797,73.02999877929688,12822,GIS
2024-09-11 15:39:00-04:00,73.0250015258789,73.06999969482422,73.0250015258789,73.02999877929688,9598,GIS
2024-09-11 15:40:00-04:00,73.03900146484375,73.05000305175781,73.02999877929688,73.03500366210938,13311,GIS
2024-09-11 15:41:00-04:00,73.03500366210938,73.04000091552734,72.98500061035156,72.98999786376953,18890,GIS
2024-09-11 15:42:00-04:00,72.9800033569336,72.9800033569336,72.92500305175781,72.93000030517578,16809,GIS
2024-09-11 15:43:00-04:00,72.92500305175781,72.93000030517578,72.88500213623047,72.88999938964844,14536,GIS
2024-09-11 15:44:00-04:00,72.88999938964844,72.9000015258789,72.87000274658203,72.9000015258789,10453,GIS
2024-09-11 15:45:00-04:00,72.90499877929688,72.91000366210938,72.88999938964844,72.8949966430664,7200,GIS
2024-09-11 15:46:00-04:00,72.8949966430664,72.9489974975586,72.8949966430664,72.93499755859375,13024,GIS
2024-09-11 15:47:00-04:00,72.93499755859375,72.93499755859375,72.90499877929688,72.93499755859375,13983,GIS
2024-09-11 15:48:00-04:00,72.93499755859375,72.95999908447266,72.93499755859375,72.94499969482422,12798,GIS
2024-09-11 15:49:00-04:00,72.94499969482422,72.95999908447266,72.93000030517578,72.94499969482422,16093,GIS
2024-09-11 15:50:00-04:00,72.94000244140625,72.97000122070312,72.93000030517578,72.93000030517578,23048,GIS
2024-09-11 15:51:00-04:00,72.93000030517578,72.94499969482422,72.91000366210938,72.91500091552734,27298,GIS
2024-09-11 15:52:00-04:00,72.91999816894531,72.96499633789062,72.90499877929688,72.95999908447266,25656,GIS
2024-09-11 15:53:00-04:00,72.95999908447266,73.0,72.94999694824219,72.98899841308594,21263,GIS
2024-09-11 15:54:00-04:00,72.98500061035156,73.01000213623047,72.95999908447266,72.9749984741211,35224,GIS
2024-09-11 15:55:00-04:00,72.9749984741211,73.00910186767578,72.97000122070312,73.00910186767578,34782,GIS
2024-09-11 15:56:00-04:00,73.01000213623047,73.02999877929688,72.99500274658203,73.0250015258789,32911,GIS
2024-09-11 15:57:00-04:00,73.0250015258789,73.08000183105469,73.0199966430664,73.08000183105469,35503,GIS
2024-09-11 15:58:00-04:00,73.07499694824219,73.11000061035156,73.06999969482422,73.1050033569336,80019,GIS
2024-09-11 15:59:00-04:00,73.1050033569336,73.16999816894531,73.08999633789062,73.11499786376953,149842,GIS
2024-09-12 09:30:00-04:00,72.69999694824219,72.69999694824219,72.69999694824219,72.69999694824219,91754,GIS
2024-09-12 09:31:00-04:00,72.70500183105469,73.02999877929688,72.69999694824219,72.98999786376953,14225,GIS
2024-09-12 09:32:00-04:00,72.81009674072266,72.81009674072266,72.81009674072266,72.81009674072266,9215,GIS
2024-09-12 09:33:00-04:00,72.80999755859375,72.80999755859375,72.41999816894531,72.45999908447266,25530,GIS
2024-09-12 09:34:00-04:00,72.45999908447266,72.4800033569336,72.37000274658203,72.44000244140625,12518,GIS
2024-09-12 09:35:00-04:00,72.43000030517578,72.61000061035156,72.4000015258789,72.58999633789062,11894,GIS
2024-09-12 09:36:00-04:00,72.62000274658203,72.62000274658203,72.5,72.5199966430664,4573,GIS
2024-09-12 09:37:00-04:00,72.55999755859375,72.63999938964844,72.5250015258789,72.5250015258789,13344,GIS
2024-09-12 09:38:00-04:00,72.5250015258789,72.5250015258789,72.44000244140625,72.45999908447266,8802,GIS
2024-09-12 09:39:00-04:00,72.44999694824219,72.58000183105469,72.44999694824219,72.55000305175781,18564,GIS
2024-09-12 09:40:00-04:00,72.54000091552734,72.55999755859375,72.48999786376953,72.52999877929688,6474,GIS
2024-09-12 09:41:00-04:00,72.53458404541016,72.5999984741211,72.515380859375,72.56999969482422,6763,GIS
2024-09-12 09:42:00-04:00,72.54000091552734,72.55000305175781,72.4749984741211,72.48999786376953,7360,GIS
2024-09-12 09:43:00-04:00,72.51000213623047,72.56999969482422,72.48999786376953,72.54000091552734,3831,GIS
2024-09-12 09:44:00-04:00,72.55999755859375,72.55999755859375,72.41999816894531,72.41999816894531,4654,GIS
2024-09-12 09:45:00-04:00,72.41999816894531,72.45999908447266,72.41000366210938,72.45999908447266,2303,GIS
2024-09-12 09:46:00-04:00,72.47000122070312,72.62999725341797,72.47000122070312,72.6144027709961,8194,GIS
2024-09-12 09:47:00-04:00,72.61000061035156,72.6500015258789,72.55999755859375,72.63500213623047,5677,GIS
2024-09-12 09:48:00-04:00,72.63999938964844,72.68000030517578,72.625,72.67500305175781,2283,GIS
2024-09-12 09:49:00-04:00,72.66999816894531,72.73999786376953,72.625,72.66999816894531,11199,GIS
2024-09-12 09:50:00-04:00,72.66000366210938,72.66500091552734,72.52999877929688,72.52999877929688,17280,GIS
2024-09-12 09:51:00-04:00,72.5199966430664,72.5199966430664,72.48999786376953,72.48999786376953,22500,GIS
2024-09-12 09:52:00-04:00,72.48999786376953,72.51000213623047,72.38999938964844,72.38999938964844,5169,GIS
2024-09-12 09:53:00-04:00,72.38500213623047,72.52999877929688,72.3499984741211,72.52999877929688,8229,GIS
2024-09-12 09:54:00-04:00,72.5199966430664,72.52999877929688,72.4000015258789,72.43000030517578,10626,GIS
2024-09-12 09:55:00-04:00,72.41999816894531,72.5,72.41000366210938,72.48999786376953,2645,GIS
2024-09-12 09:56:00-04:00,72.48999786376953,72.5,72.4303970336914,72.44000244140625,5816,GIS
2024-09-12 09:57:00-04:00,72.41999816894531,72.45999908447266,72.4000015258789,72.44999694824219,8161,GIS
2024-09-12 09:58:00-04:00,72.45999908447266,72.46499633789062,72.37999725341797,72.37999725341797,7993,GIS
2024-09-12 09:59:00-04:00,72.37000274658203,72.38999938964844,72.33999633789062,72.35257720947266,3993,GIS
2024-09-12 10:00:00-04:00,72.30999755859375,72.30999755859375,72.12000274658203,72.12000274658203,13137,GIS
2024-09-12 10:01:00-04:00,72.12999725341797,72.19000244140625,72.12000274658203,72.16999816894531,4323,GIS
2024-09-12 10:02:00-04:00,72.19000244140625,72.20999908447266,72.12999725341797,72.16999816894531,9696,GIS
2024-09-12 10:03:00-04:00,72.16000366210938,72.16000366210938,72.13999938964844,72.13999938964844,5535,GIS
2024-09-12 10:04:00-04:00,72.1500015258789,72.2300033569336,72.13999938964844,72.18000030517578,7235,GIS
2024-09-12 10:05:00-04:00,72.19999694824219,72.23999786376953,72.19000244140625,72.20999908447266,5376,GIS
2024-09-12 10:06:00-04:00,72.19999694824219,72.19999694824219,72.1500015258789,72.16999816894531,4375,GIS
2024-09-12 10:07:00-04:00,72.17500305175781,72.23999786376953,72.16999816894531,72.2249984741211,5683,GIS
2024-09-12 10:08:00-04:00,72.2300033569336,72.36000061035156,72.2300033569336,72.36000061035156,7451,GIS
2024-09-12 10:09:00-04:00,72.3499984741211,72.3499984741211,72.27999877929688,72.34500122070312,9955,GIS
2024-09-12 10:10:00-04:00,72.36499786376953,72.37999725341797,72.33999633789062,72.37000274658203,6843,GIS
2024-09-12 10:11:00-04:00,72.37000274658203,72.43000030517578,72.36000061035156,72.43000030517578,5010,GIS
2024-09-12 10:12:00-04:00,72.41000366210938,72.42500305175781,72.31449890136719,72.31999969482422,8539,GIS
2024-09-12 10:13:00-04:00,72.31999969482422,72.3550033569336,72.31999969482422,72.33999633789062,7294,GIS
2024-09-12 10:14:00-04:00,72.3499984741211,72.38999938964844,72.3499984741211,72.38999938964844,4554,GIS
2024-09-12 10:15:00-04:00,72.37999725341797,72.45999908447266,72.37999725341797,72.41999816894531,8916,GIS
2024-09-12 10:16:00-04:00,72.41999816894531,72.41999816894531,72.4000015258789,72.41999816894531,8552,GIS
2024-09-12 10:17:00-04:00,72.41999816894531,72.41999816894531,72.3499984741211,72.37000274658203,7827,GIS
2024-09-12 10:18:00-04:00,72.37999725341797,72.3949966430664,72.37000274658203,72.3949966430664,3299,GIS
2024-09-12 10:19:00-04:00,72.4000015258789,72.4000015258789,72.37000274658203,72.37000274658203,6710,GIS
2024-09-12 10:20:00-04:00,72.37999725341797,72.37999725341797,72.33999633789062,72.33999633789062,5088,GIS
2024-09-12 10:21:00-04:00,72.31999969482422,72.37000274658203,72.31999969482422,72.3499984741211,4543,GIS
2024-09-12 10:22:00-04:00,72.37999725341797,72.37999725341797,72.30500030517578,72.30500030517578,6692,GIS
2024-09-12 10:23:00-04:00,72.30000305175781,72.33999633789062,72.27999877929688,72.33999633789062,7963,GIS
2024-09-12 10:24:00-04:00,72.33999633789062,72.42500305175781,72.33999633789062,72.42500305175781,3666,GIS
2024-09-12 10:25:00-04:00,72.43499755859375,72.44000244140625,72.41000366210938,72.41000366210938,6203,GIS
2024-09-12 10:26:00-04:00,72.41000366210938,72.41000366210938,72.37999725341797,72.37999725341797,5581,GIS
2024-09-12 10:27:00-04:00,72.37999725341797,72.37999725341797,72.29499816894531,72.30000305175781,7437,GIS
2024-09-12 10:28:00-04:00,72.30000305175781,72.30999755859375,72.25,72.25,7722,GIS
2024-09-12 10:29:00-04:00,72.25,72.30000305175781,72.22000122070312,72.30000305175781,6424,GIS
2024-09-12 10:30:00-04:00,72.30000305175781,72.30999755859375,72.22000122070312,72.23889923095703,22396,GIS
2024-09-12 10:31:00-04:00,72.22000122070312,72.2249984741211,72.19000244140625,72.22000122070312,14494,GIS
2024-09-12 10:32:00-04:00,72.20999908447266,72.20999908447266,72.16000366210938,72.16999816894531,8684,GIS
2024-09-12 10:33:00-04:00,72.16000366210938,72.18499755859375,72.06999969482422,72.08000183105469,20127,GIS
2024-09-12 10:34:00-04:00,72.08999633789062,72.12000274658203,72.08000183105469,72.12000274658203,9356,GIS
2024-09-12 10:35:00-04:00,72.12999725341797,72.2300033569336,72.12999725341797,72.20999908447266,12127,GIS
2024-09-12 10:36:00-04:00,72.20999908447266,72.33999633789062,72.19999694824219,72.33999633789062,4339,GIS
2024-09-12 10:37:00-04:00,72.34500122070312,72.34500122070312,72.2750015258789,72.30000305175781,7809,GIS
2024-09-12 10:38:00-04:00,72.30000305175781,72.31999969482422,72.25,72.27999877929688,7318,GIS
2024-09-12 10:39:00-04:00,72.29000091552734,72.33000183105469,72.29000091552734,72.30999755859375,5229,GIS
2024-09-12 10:40:00-04:00,72.30999755859375,72.30999755859375,72.25,72.25,9906,GIS
2024-09-12 10:41:00-04:00,72.33000183105469,72.36000061035156,72.33000183105469,72.33000183105469,4863,GIS
2024-09-12 10:42:00-04:00,72.33999633789062,72.3499984741211,72.31999969482422,72.33999633789062,4192,GIS
2024-09-12 10:43:00-04:00,72.3499984741211,72.37999725341797,72.33000183105469,72.37999725341797,5061,GIS
2024-09-12 10:44:00-04:00,72.37000274658203,72.38999938964844,72.33999633789062,72.37999725341797,5893,GIS
2024-09-12 10:45:00-04:00,72.37999725341797,72.37999725341797,72.34500122070312,72.34709930419922,8062,GIS
2024-09-12 10:46:00-04:00,72.33999633789062,72.41999816894531,72.32499694824219,72.41999816894531,10412,GIS
2024-09-12 10:47:00-04:00,72.44000244140625,72.5,72.42749786376953,72.5,9034,GIS
2024-09-12 10:48:00-04:00,72.48999786376953,72.52999877929688,72.4800033569336,72.5199966430664,5975,GIS
2024-09-12 10:49:00-04:00,72.52999877929688,72.55999755859375,72.5199966430664,72.52999877929688,5750,GIS
2024-09-12 10:50:00-04:00,72.54000091552734,72.54000091552734,72.47000122070312,72.4749984741211,8697,GIS
2024-09-12 10:51:00-04:00,72.47000122070312,72.48999786376953,72.44999694824219,72.4800033569336,4966,GIS
2024-09-12 10:52:00-04:00,72.48999786376953,72.5199966430664,72.4800033569336,72.51000213623047,5240,GIS
2024-09-12 10:54:00-04:00,72.40750122070312,72.40750122070312,72.38500213623047,72.38500213623047,10730,GIS
2024-09-12 10:55:00-04:00,72.4000015258789,72.4000015258789,72.36000061035156,72.36000061035156,2628,GIS
2024-09-12 10:56:00-04:00,72.33000183105469,72.33999633789062,72.33000183105469,72.33000183105469,17555,GIS
2024-09-12 10:57:00-04:00,72.33999633789062,72.36000061035156,72.31999969482422,72.33999633789062,5477,GIS
2024-09-12 10:58:00-04:00,72.3499984741211,72.3499984741211,72.33000183105469,72.33999633789062,4192,GIS
2024-09-12 10:59:00-04:00,72.33999633789062,72.45999908447266,72.33999633789062,72.44999694824219,111067,GIS
2024-09-12 11:00:00-04:00,72.45999908447266,72.5,72.44999694824219,72.48999786376953,9362,GIS
2024-09-12 11:01:00-04:00,72.51000213623047,72.54000091552734,72.48999786376953,72.5,6057,GIS
2024-09-12 11:02:00-04:00,72.48999786376953,72.48999786376953,72.44999694824219,72.46499633789062,7225,GIS
2024-09-12 11:03:00-04:00,72.4800033569336,72.4800033569336,72.37999725341797,72.4000015258789,5119,GIS
2024-09-12 11:04:00-04:00,72.38999938964844,72.41000366210938,72.37999725341797,72.37999725341797,3945,GIS
2024-09-12 11:05:00-04:00,72.37999725341797,72.38030242919922,72.37000274658203,72.375,3948,GIS
2024-09-12 11:06:00-04:00,72.375,72.4800033569336,72.375,72.4800033569336,44256,GIS
2024-09-12 11:07:00-04:00,72.4800033569336,72.51000213623047,72.4800033569336,72.50499725341797,4118,GIS
2024-09-12 11:08:00-04:00,72.50499725341797,72.51000213623047,72.44000244140625,72.44000244140625,8878,GIS
2024-09-12 11:09:00-04:00,72.44000244140625,72.48999786376953,72.44000244140625,72.48999786376953,5624,GIS
2024-09-12 11:10:00-04:00,72.48500061035156,72.51000213623047,72.4800033569336,72.5,5480,GIS
2024-09-12 11:11:00-04:00,72.5,72.5,72.44000244140625,72.44000244140625,6043,GIS
2024-09-12 11:13:00-04:00,72.41000366210938,72.44999694824219,72.4000015258789,72.44000244140625,11506,GIS
2024-09-12 11:14:00-04:00,72.44000244140625,72.46499633789062,72.44000244140625,72.46499633789062,2201,GIS
2024-09-12 11:15:00-04:00,72.47000122070312,72.51000213623047,72.47000122070312,72.51000213623047,6328,GIS
2024-09-12 11:16:00-04:00,72.51000213623047,72.52999877929688,72.51000213623047,72.52999877929688,3149,GIS
2024-09-12 11:17:00-04:00,72.52999877929688,72.52999877929688,72.44000244140625,72.44000244140625,5906,GIS
2024-09-12 11:18:00-04:00,72.44000244140625,72.44000244140625,72.38999938964844,72.38999938964844,9053,GIS
2024-09-12 11:19:00-04:00,72.3949966430664,72.44000244140625,72.3949966430664,72.42500305175781,7590,GIS
2024-09-12 11:20:00-04:00,72.42500305175781,72.43499755859375,72.41999816894531,72.41999816894531,3983,GIS
2024-09-12 11:21:00-04:00,72.41999816894531,72.43000030517578,72.38999938964844,72.43000030517578,6297,GIS
2024-09-12 11:22:00-04:00,72.43000030517578,72.44000244140625,72.41500091552734,72.41500091552734,9271,GIS
2024-09-12 11:23:00-04:00,72.41500091552734,72.43499755859375,72.4000015258789,72.43000030517578,5023,GIS
2024-09-12 11:24:00-04:00,72.43000030517578,72.43499755859375,72.43000030517578,72.43000030517578,3251,GIS
2024-09-12 11:25:00-04:00,72.41999816894531,72.42500305175781,72.4000015258789,72.40499877929688,2952,GIS
2024-09-12 11:26:00-04:00,72.41000366210938,72.41999816894531,72.4030990600586,72.41500091552734,6178,GIS
2024-09-12 11:27:00-04:00,72.41000366210938,72.44499969482422,72.375,72.44499969482422,7959,GIS
2024-09-12 11:28:00-04:00,72.44000244140625,72.47000122070312,72.43000030517578,72.43000030517578,10170,GIS
2024-09-12 11:29:00-04:00,72.41999816894531,72.41999816894531,72.4000015258789,72.41000366210938,5749,GIS
2024-09-12 11:30:00-04:00,72.41000366210938,72.43000030517578,72.40499877929688,72.41999816894531,7886,GIS
2024-09-12 11:31:00-04:00,72.41999816894531,72.43000030517578,72.40499877929688,72.40499877929688,4576,GIS
2024-09-12 11:32:00-04:00,72.41000366210938,72.43000030517578,72.38999938964844,72.43000030517578,22910,GIS
2024-09-12 11:33:00-04:00,72.44000244140625,72.45999908447266,72.44000244140625,72.44999694824219,2778,GIS
2024-09-12 11:34:00-04:00,72.45999908447266,72.51000213623047,72.45999908447266,72.5,8634,GIS
2024-09-12 11:35:00-04:00,72.5,72.55999755859375,72.5,72.55000305175781,15615,GIS
2024-09-12 11:36:00-04:00,72.54000091552734,72.62999725341797,72.54000091552734,72.62000274658203,15474,GIS
2024-09-12 11:37:00-04:00,72.625,72.66999816894531,72.625,72.6500015258789,10301,GIS
2024-09-12 11:38:00-04:00,72.63999938964844,72.6500015258789,72.62000274658203,72.6449966430664,6315,GIS
2024-09-12 11:39:00-04:00,72.6500015258789,72.72000122070312,72.6500015258789,72.72000122070312,5358,GIS
2024-09-12 11:40:00-04:00,72.72000122070312,72.7300033569336,72.65499877929688,72.66000366210938,11220,GIS
2024-09-12 11:41:00-04:00,72.66000366210938,72.69999694824219,72.6500015258789,72.68000030517578,6829,GIS
2024-09-12 11:42:00-04:00,72.66500091552734,72.66500091552734,72.6500015258789,72.65499877929688,6362,GIS
2024-09-12 11:43:00-04:00,72.6500015258789,72.65499877929688,72.62000274658203,72.62000274658203,5825,GIS
2024-09-12 11:44:00-04:00,72.61000061035156,72.63500213623047,72.58999633789062,72.62000274658203,13837,GIS
2024-09-12 11:45:00-04:00,72.62000274658203,72.62999725341797,72.56999969482422,72.5999984741211,6979,GIS
2024-09-12 11:46:00-04:00,72.61000061035156,72.61000061035156,72.58499908447266,72.5999984741211,3783,GIS
2024-09-12 11:47:00-04:00,72.5999984741211,72.62999725341797,72.58499908447266,72.58499908447266,12483,GIS
2024-09-12 11:48:00-04:00,72.58149719238281,72.625,72.58149719238281,72.61000061035156,4684,GIS
2024-09-12 11:49:00-04:00,72.62000274658203,72.62999725341797,72.62000274658203,72.625,2158,GIS
2024-09-12 11:50:00-04:00,72.62000274658203,72.62000274658203,72.59500122070312,72.5999984741211,3830,GIS
2024-09-12 11:51:00-04:00,72.61000061035156,72.62000274658203,72.5999984741211,72.62000274658203,6312,GIS
2024-09-12 11:52:00-04:00,72.61000061035156,72.62000274658203,72.56999969482422,72.57499694824219,4454,GIS
2024-09-12 11:53:00-04:00,72.56999969482422,72.5999984741211,72.56500244140625,72.59500122070312,3166,GIS
2024-09-12 11:54:00-04:00,72.59500122070312,72.62000274658203,72.59500122070312,72.6050033569336,3924,GIS
2024-09-12 11:55:00-04:00,72.61000061035156,72.62000274658203,72.6001968383789,72.62000274658203,3661,GIS
2024-09-12 11:56:00-04:00,72.62000274658203,72.625,72.58999633789062,72.5999984741211,4801,GIS
2024-09-12 11:57:00-04:00,72.5999984741211,72.61000061035156,72.59459686279297,72.61000061035156,2760,GIS
2024-09-12 11:58:00-04:00,72.61499786376953,72.62000274658203,72.58000183105469,72.58499908447266,6640,GIS
2024-09-12 11:59:00-04:00,72.58999633789062,72.58999633789062,72.57499694824219,72.58000183105469,5275,GIS
2024-09-12 12:00:00-04:00,72.58000183105469,72.5999984741211,72.57379913330078,72.5999984741211,2104,GIS
2024-09-12 12:01:00-04:00,72.59500122070312,72.59500122070312,72.58000183105469,72.58000183105469,2478,GIS
2024-09-12 12:02:00-04:00,72.57499694824219,72.57499694824219,72.55000305175781,72.55500030517578,3449,GIS
2024-09-12 12:03:00-04:00,72.55000305175781,72.56999969482422,72.55000305175781,72.56500244140625,7642,GIS
2024-09-12 12:04:00-04:00,72.56999969482422,72.58999633789062,72.56999969482422,72.58000183105469,4621,GIS
2024-09-12 12:05:00-04:00,72.58000183105469,72.58000183105469,72.56999969482422,72.56999969482422,2176,GIS
2024-09-12 12:06:00-04:00,72.55999755859375,72.56500244140625,72.54499816894531,72.55500030517578,21826,GIS
2024-09-12 12:07:00-04:00,72.55500030517578,72.58999633789062,72.55000305175781,72.58999633789062,4531,GIS
2024-09-12 12:08:00-04:00,72.5999984741211,72.62999725341797,72.5999984741211,72.62000274658203,6703,GIS
2024-09-12 12:09:00-04:00,72.62000274658203,72.63500213623047,72.61499786376953,72.62999725341797,3839,GIS
2024-09-12 12:10:00-04:00,72.625,72.625,72.57499694824219,72.58999633789062,6080,GIS
2024-09-12 12:12:00-04:00,72.58000183105469,72.58509826660156,72.58000183105469,72.58499908447266,4696,GIS
2024-09-12 12:13:00-04:00,72.58999633789062,72.6050033569336,72.58999633789062,72.58999633789062,4953,GIS
2024-09-12 12:14:00-04:00,72.58999633789062,72.58999633789062,72.56999969482422,72.57050323486328,5725,GIS
2024-09-12 12:15:00-04:00,72.56999969482422,72.56999969482422,72.54499816894531,72.56999969482422,7399,GIS
2024-09-12 12:16:00-04:00,72.56999969482422,72.5999984741211,72.56999969482422,72.5999984741211,11837,GIS
2024-09-12 12:17:00-04:00,72.58999633789062,72.58999633789062,72.56500244140625,72.56500244140625,5523,GIS
2024-09-12 12:18:00-04:00,72.56500244140625,72.58000183105469,72.56500244140625,72.58000183105469,4655,GIS
2024-09-12 12:19:00-04:00,72.58999633789062,72.61000061035156,72.58999633789062,72.61000061035156,4888,GIS
2024-09-12 12:20:00-04:00,72.62000274658203,72.6500015258789,72.62000274658203,72.6449966430664,3399,GIS
2024-09-12 12:21:00-04:00,72.65499877929688,72.65499877929688,72.63500213623047,72.6449966430664,3814,GIS
2024-09-12 12:22:00-04:00,72.6449966430664,72.67749786376953,72.6449966430664,72.67500305175781,3870,GIS
2024-09-12 12:23:00-04:00,72.67500305175781,72.68000030517578,72.66999816894531,72.67500305175781,5492,GIS
2024-09-12 12:24:00-04:00,72.66999816894531,72.67500305175781,72.6449966430664,72.6500015258789,4905,GIS
2024-09-12 12:25:00-04:00,72.63999938964844,72.63999938964844,72.62999725341797,72.63500213623047,3599,GIS
2024-09-12 12:26:00-04:00,72.63999938964844,72.6449966430664,72.62999725341797,72.63500213623047,2596,GIS
2024-09-12 12:27:00-04:00,72.62999725341797,72.62999725341797,72.62000274658203,72.62999725341797,2996,GIS
2024-09-12 12:28:00-04:00,72.62000274658203,72.62660217285156,72.58499908447266,72.59500122070312,6482,GIS
2024-09-12 12:29:00-04:00,72.5999984741211,72.5999984741211,72.58999633789062,72.58999633789062,2441,GIS
2024-09-12 12:30:00-04:00,72.5999984741211,72.61000061035156,72.59500122070312,72.59500122070312,2880,GIS
2024-09-12 12:31:00-04:00,72.5999984741211,72.62999725341797,72.59500122070312,72.62999725341797,3914,GIS
2024-09-12 12:32:00-04:00,72.62999725341797,72.62999725341797,72.6050033569336,72.61000061035156,6489,GIS
2024-09-12 12:33:00-04:00,72.61000061035156,72.61000061035156,72.5999984741211,72.5999984741211,3872,GIS
2024-09-12 12:34:00-04:00,72.5999984741211,72.625,72.5999984741211,72.62000274658203,4770,GIS
2024-09-12 12:35:00-04:00,72.62000274658203,72.63500213623047,72.61000061035156,72.63500213623047,3459,GIS
2024-09-12 12:36:00-04:00,72.63500213623047,72.6500015258789,72.62999725341797,72.6449966430664,4306,GIS
2024-09-12 12:37:00-04:00,72.6449966430664,72.6449966430664,72.61000061035156,72.61499786376953,5544,GIS
2024-09-12 12:38:00-04:00,72.62000274658203,72.63999938964844,72.62000274658203,72.62249755859375,4363,GIS
2024-09-12 12:39:00-04:00,72.61000061035156,72.61000061035156,72.57499694824219,72.58000183105469,4203,GIS
2024-09-12 12:40:00-04:00,72.58000183105469,72.61000061035156,72.58000183105469,72.6050033569336,3282,GIS
2024-09-12 12:41:00-04:00,72.60990142822266,72.63999938964844,72.60990142822266,72.63999938964844,2489,GIS
2024-09-12 12:42:00-04:00,72.63500213623047,72.63500213623047,72.62000274658203,72.62000274658203,5399,GIS
2024-09-12 12:43:00-04:00,72.62000274658203,72.66999816894531,72.62000274658203,72.66500091552734,4226,GIS
2024-09-12 12:44:00-04:00,72.65499877929688,72.66000366210938,72.65499877929688,72.66000366210938,562,GIS
2024-09-12 12:45:00-04:00,72.65499877929688,72.66000366210938,72.65499877929688,72.65499877929688,2578,GIS
2024-09-12 12:46:00-04:00,72.65499877929688,72.68000030517578,72.6500015258789,72.67500305175781,10162,GIS
2024-09-12 12:47:00-04:00,72.66999816894531,72.66999816894531,72.63999938964844,72.6500015258789,6874,GIS
2024-09-12 12:48:00-04:00,72.6500015258789,72.6500015258789,72.62000274658203,72.62000274658203,4786,GIS
2024-09-12 12:49:00-04:00,72.61499786376953,72.61499786376953,72.6050033569336,72.6050033569336,1706,GIS
2024-09-12 12:50:00-04:00,72.6050033569336,72.6500015258789,72.6050033569336,72.6500015258789,3217,GIS
2024-09-12 12:51:00-04:00,72.6500015258789,72.67500305175781,72.6500015258789,72.67500305175781,1687,GIS
2024-09-12 12:52:00-04:00,72.69000244140625,72.69000244140625,72.68499755859375,72.68499755859375,2637,GIS
2024-09-12 12:53:00-04:00,72.69000244140625,72.69499969482422,72.67500305175781,72.68000030517578,5132,GIS
2024-09-12 12:54:00-04:00,72.66500091552734,72.68000030517578,72.66500091552734,72.68000030517578,1847,GIS
2024-09-12 12:55:00-04:00,72.69000244140625,72.69999694824219,72.66899871826172,72.69000244140625,9114,GIS
2024-09-12 12:56:00-04:00,72.66999816894531,72.66999816894531,72.6500015258789,72.66169738769531,6419,GIS
2024-09-12 12:57:00-04:00,72.66999816894531,72.72000122070312,72.66999816894531,72.71160125732422,5167,GIS
2024-09-12 12:58:00-04:00,72.71499633789062,72.7300033569336,72.71499633789062,72.72000122070312,4529,GIS
2024-09-12 12:59:00-04:00,72.72000122070312,72.72000122070312,72.69999694824219,72.70999908447266,4212,GIS
2024-09-12 13:00:00-04:00,72.6989974975586,72.7300033569336,72.69000244140625,72.7300033569336,7680,GIS
2024-09-12 13:01:00-04:00,72.7300033569336,72.73999786376953,72.7300033569336,72.73999786376953,884,GIS
2024-09-12 13:02:00-04:00,72.75,72.7699966430664,72.75,72.76000213623047,5854,GIS
2024-09-12 13:03:00-04:00,72.76000213623047,72.7750015258789,72.76000213623047,72.7750015258789,3103,GIS
2024-09-12 13:04:00-04:00,72.7699966430664,72.7699966430664,72.75,72.76000213623047,6831,GIS
2024-09-12 13:05:00-04:00,72.76000213623047,72.7699966430664,72.76000213623047,72.7699966430664,1808,GIS
2024-09-12 13:06:00-04:00,72.7699966430664,72.7699966430664,72.74500274658203,72.74500274658203,4858,GIS
2024-09-12 13:07:00-04:00,72.75,72.77999877929688,72.75,72.77999877929688,1935,GIS
2024-09-12 13:08:00-04:00,72.77999877929688,72.79000091552734,72.77999877929688,72.79000091552734,3102,GIS
2024-09-12 13:09:00-04:00,72.79000091552734,72.80000305175781,72.79000091552734,72.79499816894531,1784,GIS
2024-09-12 13:10:00-04:00,72.80000305175781,72.80000305175781,72.79499816894531,72.79499816894531,1715,GIS
2024-09-12 13:11:00-04:00,72.79000091552734,72.80999755859375,72.79000091552734,72.80999755859375,1376,GIS
2024-09-12 13:12:00-04:00,72.80500030517578,72.83000183105469,72.80500030517578,72.81999969482422,5253,GIS
2024-09-12 13:13:00-04:00,72.81500244140625,72.81999969482422,72.80500030517578,72.80999755859375,3288,GIS
2024-09-12 13:14:00-04:00,72.81999969482422,72.8499984741211,72.81999969482422,72.8499984741211,1571,GIS
2024-09-12 13:15:00-04:00,72.8499984741211,72.86000061035156,72.84500122070312,72.86000061035156,2529,GIS
2024-09-12 13:16:00-04:00,72.8550033569336,72.86000061035156,72.8499984741211,72.8499984741211,1091,GIS
2024-09-12 13:17:00-04:00,72.8550033569336,72.8550033569336,72.80000305175781,72.80000305175781,8341,GIS
2024-09-12 13:18:00-04:00,72.80000305175781,72.80999755859375,72.79000091552734,72.80500030517578,2624,GIS
2024-09-12 13:19:00-04:00,72.80000305175781,72.80000305175781,72.76000213623047,72.76499938964844,5036,GIS
2024-09-12 13:20:00-04:00,72.7699966430664,72.79499816894531,72.7699966430664,72.79499816894531,3923,GIS
2024-09-12 13:21:00-04:00,72.79000091552734,72.79000091552734,72.78500366210938,72.78500366210938,2691,GIS
2024-09-12 13:22:00-04:00,72.77999877929688,72.77999877929688,72.7699966430664,72.7750015258789,3792,GIS
2024-09-12 13:23:00-04:00,72.77999877929688,72.79499816894531,72.77999877929688,72.79499816894531,4531,GIS
2024-09-12 13:24:00-04:00,72.80000305175781,72.81999969482422,72.7699966430664,72.7750015258789,11445,GIS
2024-09-12 13:25:00-04:00,72.7750015258789,72.80000305175781,72.7750015258789,72.80000305175781,2976,GIS
2024-09-12 13:26:00-04:00,72.80000305175781,72.80999755859375,72.80000305175781,72.80500030517578,3144,GIS
2024-09-12 13:27:00-04:00,72.80000305175781,72.80000305175781,72.7699966430664,72.7750015258789,4035,GIS
2024-09-12 13:28:00-04:00,72.7699966430664,72.7699966430664,72.73999786376953,72.74500274658203,3573,GIS
2024-09-12 13:29:00-04:00,72.73999786376953,72.75,72.73999786376953,72.74500274658203,1917,GIS
2024-09-12 13:30:00-04:00,72.74500274658203,72.75,72.74500274658203,72.75,2598,GIS
2024-09-12 13:31:00-04:00,72.7698974609375,72.79000091552734,72.76499938964844,72.79000091552734,2160,GIS
2024-09-12 13:32:00-04:00,72.80000305175781,72.83000183105469,72.80000305175781,72.83000183105469,2355,GIS
2024-09-12 13:33:00-04:00,72.83999633789062,72.86000061035156,72.83499908447266,72.8499984741211,5001,GIS
2024-09-12 13:34:00-04:00,72.8499984741211,72.8499984741211,72.81500244140625,72.81999969482422,7956,GIS
2024-09-12 13:35:00-04:00,72.83000183105469,72.83499908447266,72.80000305175781,72.80000305175781,4147,GIS
2024-09-12 13:36:00-04:00,72.80999755859375,72.81999969482422,72.80000305175781,72.80000305175781,5851,GIS
2024-09-12 13:37:00-04:00,72.80500030517578,72.80500030517578,72.79499816894531,72.80500030517578,1968,GIS
2024-09-12 13:38:00-04:00,72.80500030517578,72.80500030517578,72.80000305175781,72.80000305175781,865,GIS
2024-09-12 13:39:00-04:00,72.80000305175781,72.80000305175781,72.78500366210938,72.78500366210938,4793,GIS
2024-09-12 13:40:00-04:00,72.78500366210938,72.80000305175781,72.78500366210938,72.79499816894531,3875,GIS
2024-09-12 13:41:00-04:00,72.80000305175781,72.81990051269531,72.79499816894531,72.81990051269531,3703,GIS
2024-09-12 13:42:00-04:00,72.81999969482422,72.81999969482422,72.81500244140625,72.81500244140625,706,GIS
2024-09-12 13:43:00-04:00,72.81500244140625,72.81500244140625,72.80500030517578,72.80500030517578,4559,GIS
2024-09-12 13:44:00-04:00,72.80999755859375,72.81999969482422,72.80999755859375,72.81999969482422,6456,GIS
2024-09-12 13:45:00-04:00,72.82499694824219,72.83000183105469,72.79499816894531,72.83000183105469,8857,GIS
2024-09-12 13:46:00-04:00,72.83000183105469,72.83000183105469,72.82499694824219,72.83000183105469,2096,GIS
2024-09-12 13:47:00-04:00,72.83000183105469,72.83499908447266,72.82499694824219,72.83000183105469,1930,GIS
2024-09-12 13:48:00-04:00,72.77999877929688,72.77999877929688,72.73999786376953,72.75,11125,GIS
2024-09-12 13:49:00-04:00,72.75,72.75499725341797,72.73999786376953,72.75499725341797,2140,GIS
2024-09-12 13:50:00-04:00,72.75499725341797,72.75499725341797,72.74500274658203,72.74919891357422,3055,GIS
2024-09-12 13:51:00-04:00,72.75,72.75,72.74500274658203,72.74500274658203,1594,GIS
2024-09-12 13:52:00-04:00,72.74500274658203,72.76000213623047,72.7300033569336,72.76000213623047,10158,GIS
2024-09-12 13:53:00-04:00,72.75499725341797,72.76000213623047,72.69499969482422,72.69499969482422,6097,GIS
2024-09-12 13:54:00-04:00,72.69149780273438,72.69149780273438,72.68000030517578,72.68000030517578,6854,GIS
2024-09-12 13:55:00-04:00,72.68000030517578,72.69000244140625,72.6500015258789,72.6500015258789,4972,GIS
2024-09-12 13:56:00-04:00,72.66000366210938,72.66000366210938,72.65499877929688,72.66000366210938,3116,GIS
2024-09-12 13:57:00-04:00,72.6500015258789,72.66000366210938,72.6500015258789,72.6500015258789,5262,GIS
2024-09-12 13:58:00-04:00,72.6500015258789,72.6500015258789,72.58999633789062,72.62999725341797,15131,GIS
2024-09-12 13:59:00-04:00,72.62999725341797,72.63999938964844,72.62000274658203,72.63999938964844,2116,GIS
2024-09-12 14:00:00-04:00,72.62999725341797,72.62999725341797,72.61000061035156,72.61000061035156,4172,GIS
2024-09-12 14:01:00-04:00,72.61000061035156,72.61000061035156,72.58999633789062,72.5999984741211,3657,GIS
2024-09-12 14:02:00-04:00,72.58999633789062,72.58999633789062,72.55999755859375,72.55999755859375,3340,GIS
2024-09-12 14:03:00-04:00,72.55999755859375,72.56999969482422,72.55000305175781,72.55999755859375,4071,GIS
2024-09-12 14:04:00-04:00,72.56500244140625,72.61000061035156,72.56500244140625,72.61000061035156,5272,GIS
2024-09-12 14:05:00-04:00,72.61000061035156,72.65499877929688,72.6050033569336,72.65499877929688,3134,GIS
2024-09-12 14:06:00-04:00,72.6500015258789,72.69999694824219,72.6500015258789,72.69999694824219,4491,GIS
2024-09-12 14:07:00-04:00,72.69499969482422,72.71499633789062,72.69499969482422,72.71499633789062,3054,GIS
2024-09-12 14:08:00-04:00,72.70999908447266,72.70999908447266,72.69000244140625,72.69499969482422,3910,GIS
2024-09-12 14:09:00-04:00,72.69999694824219,72.7300033569336,72.69999694824219,72.7300033569336,4621,GIS
2024-09-12 14:10:00-04:00,72.73999786376953,72.75,72.73999786376953,72.74500274658203,1336,GIS
2024-09-12 14:11:00-04:00,72.75,72.7699966430664,72.75,72.7699966430664,2532,GIS
2024-09-12 14:12:00-04:00,72.76499938964844,72.76499938964844,72.75,72.75,3877,GIS
2024-09-12 14:13:00-04:00,72.76000213623047,72.76499938964844,72.75399780273438,72.76499938964844,3749,GIS
2024-09-12 14:14:00-04:00,72.76000213623047,72.7699966430664,72.73500061035156,72.73500061035156,17160,GIS
2024-09-12 14:15:00-04:00,72.73500061035156,72.73500061035156,72.73100280761719,72.73100280761719,725,GIS
2024-09-12 14:17:00-04:00,72.68000030517578,72.69999694824219,72.66500091552734,72.69499969482422,19299,GIS
2024-09-12 14:18:00-04:00,72.69000244140625,72.69000244140625,72.66999816894531,72.67500305175781,6128,GIS
2024-09-12 14:19:00-04:00,72.66999816894531,72.68000030517578,72.66999816894531,72.67500305175781,3310,GIS
2024-09-12 14:20:00-04:00,72.68000030517578,72.69000244140625,72.67500305175781,72.69000244140625,6455,GIS
2024-09-12 14:21:00-04:00,72.68499755859375,72.68499755859375,72.6449966430664,72.67500305175781,9203,GIS
2024-09-12 14:22:00-04:00,72.67500305175781,72.69000244140625,72.66000366210938,72.66000366210938,13045,GIS
2024-09-12 14:23:00-04:00,72.65180206298828,72.68000030517578,72.65180206298828,72.68000030517578,5676,GIS
2024-09-12 14:24:00-04:00,72.67500305175781,72.67500305175781,72.6500015258789,72.6500015258789,5413,GIS
2024-09-12 14:25:00-04:00,72.6500015258789,72.65499877929688,72.63500213623047,72.63500213623047,3139,GIS
2024-09-12 14:26:00-04:00,72.63999938964844,72.66500091552734,72.63999938964844,72.66500091552734,7065,GIS
2024-09-12 14:27:00-04:00,72.66500091552734,72.66999816894531,72.66500091552734,72.66999816894531,1578,GIS
2024-09-12 14:28:00-04:00,72.66999816894531,72.66999816894531,72.65499877929688,72.66000366210938,5383,GIS
2024-09-12 14:29:00-04:00,72.66500091552734,72.66999816894531,72.6500015258789,72.6500015258789,3318,GIS
2024-09-12 14:30:00-04:00,72.65499877929688,72.69000244140625,72.65499877929688,72.68499755859375,5452,GIS
2024-09-12 14:31:00-04:00,72.68499755859375,72.73999786376953,72.68499755859375,72.73989868164062,8124,GIS
2024-09-12 14:32:00-04:00,72.73999786376953,72.73999786376953,72.71099853515625,72.71499633789062,6364,GIS
2024-09-12 14:33:00-04:00,72.71499633789062,72.73999786376953,72.71499633789062,72.73500061035156,4456,GIS
2024-09-12 14:34:00-04:00,72.73600006103516,72.73600006103516,72.70999908447266,72.71499633789062,4860,GIS
2024-09-12 14:35:00-04:00,72.7155532836914,72.7155532836914,72.70999908447266,72.71499633789062,1598,GIS
2024-09-12 14:36:00-04:00,72.70999908447266,72.71499633789062,72.69000244140625,72.69999694824219,6895,GIS
2024-09-12 14:37:00-04:00,72.70500183105469,72.7249984741211,72.70500183105469,72.7249984741211,4137,GIS
2024-09-12 14:38:00-04:00,72.7300033569336,72.73999786376953,72.7300033569336,72.73999786376953,1292,GIS
2024-09-12 14:39:00-04:00,72.73999786376953,72.75499725341797,72.73500061035156,72.75499725341797,2935,GIS
2024-09-12 14:40:00-04:00,72.75499725341797,72.76000213623047,72.73500061035156,72.73500061035156,5485,GIS
2024-09-12 14:41:00-04:00,72.73909759521484,72.75499725341797,72.73909759521484,72.75499725341797,2701,GIS
2024-09-12 14:42:00-04:00,72.75499725341797,72.7699966430664,72.75499725341797,72.7699966430664,4099,GIS
2024-09-12 14:43:00-04:00,72.7750015258789,72.78500366210938,72.7750015258789,72.78500366210938,1938,GIS
2024-09-12 14:44:00-04:00,72.78500366210938,72.78500366210938,72.76499938964844,72.76499938964844,3673,GIS
2024-09-12 14:45:00-04:00,72.76000213623047,72.76000213623047,72.74500274658203,72.74500274658203,5231,GIS
2024-09-12 14:46:00-04:00,72.74500274658203,72.77999877929688,72.73999786376953,72.7750015258789,7713,GIS
2024-09-12 14:47:00-04:00,72.7750015258789,72.7750015258789,72.73999786376953,72.74500274658203,4495,GIS
2024-09-12 14:48:00-04:00,72.74500274658203,72.79000091552734,72.74500274658203,72.79000091552734,4040,GIS
2024-09-12 14:49:00-04:00,72.79000091552734,72.79000091552734,72.75499725341797,72.75499725341797,8272,GIS
2024-09-12 14:50:00-04:00,72.75499725341797,72.76000213623047,72.75,72.75,4600,GIS
2024-09-12 14:51:00-04:00,72.74500274658203,72.74500274658203,72.70500183105469,72.71499633789062,7706,GIS
2024-09-12 14:52:00-04:00,72.69999694824219,72.72000122070312,72.69000244140625,72.69499969482422,4710,GIS
2024-09-12 14:53:00-04:00,72.69000244140625,72.69999694824219,72.68000030517578,72.68499755859375,3675,GIS
2024-09-12 14:54:00-04:00,72.68109893798828,72.70999908447266,72.67500305175781,72.70999908447266,9025,GIS
2024-09-12 14:55:00-04:00,72.70999908447266,72.76000213623047,72.70999908447266,72.76000213623047,4480,GIS
2024-09-12 14:56:00-04:00,72.76000213623047,72.76000213623047,72.7300033569336,72.74500274658203,6246,GIS
2024-09-12 14:57:00-04:00,72.74500274658203,72.76000213623047,72.73999786376953,72.73999786376953,8656,GIS
2024-09-12 14:58:00-04:00,72.73999786376953,72.73999786376953,72.71499633789062,72.71499633789062,5382,GIS
2024-09-12 14:59:00-04:00,72.71499633789062,72.71499633789062,72.68499755859375,72.70999908447266,14034,GIS
2024-09-12 15:00:00-04:00,72.69999694824219,72.69999694824219,72.69000244140625,72.69499969482422,3284,GIS
2024-09-12 15:01:00-04:00,72.69000244140625,72.71499633789062,72.69000244140625,72.70999908447266,4820,GIS
2024-09-12 15:02:00-04:00,72.70999908447266,72.70999908447266,72.69499969482422,72.69499969482422,4158,GIS
2024-09-12 15:03:00-04:00,72.69999694824219,72.69999694824219,72.68499755859375,72.68499755859375,3128,GIS
2024-09-12 15:04:00-04:00,72.68499755859375,72.70999908447266,72.66000366210938,72.68000030517578,15289,GIS
2024-09-12 15:05:00-04:00,72.68000030517578,72.70500183105469,72.68000030517578,72.70500183105469,3124,GIS
2024-09-12 15:06:00-04:00,72.70500183105469,72.70999908447266,72.66999816894531,72.69999694824219,6317,GIS
2024-09-12 15:07:00-04:00,72.69999694824219,72.69999694824219,72.69000244140625,72.69499969482422,3324,GIS
2024-09-12 15:08:00-04:00,72.69499969482422,72.7249984741211,72.69499969482422,72.72039794921875,4353,GIS
2024-09-12 15:09:00-04:00,72.72000122070312,72.73500061035156,72.72000122070312,72.72689819335938,5059,GIS
2024-09-12 15:10:00-04:00,72.7249984741211,72.7249984741211,72.72000122070312,72.7249984741211,6198,GIS
2024-09-12 15:11:00-04:00,72.73500061035156,72.73500061035156,72.73500061035156,72.73500061035156,5845,GIS
2024-09-12 15:12:00-04:00,72.73500061035156,72.73999786376953,72.73500061035156,72.73500061035156,2976,GIS
2024-09-12 15:13:00-04:00,72.73500061035156,72.75,72.73500061035156,72.74500274658203,7180,GIS
2024-09-12 15:14:00-04:00,72.75,72.79000091552734,72.75,72.79000091552734,3704,GIS
2024-09-12 15:15:00-04:00,72.79499816894531,72.79499816894531,72.7750015258789,72.7750015258789,9597,GIS
2024-09-12 15:16:00-04:00,72.7750015258789,72.77999877929688,72.75499725341797,72.76499938964844,11214,GIS
2024-09-12 15:17:00-04:00,72.7699966430664,72.77999877929688,72.7699966430664,72.77999877929688,2931,GIS
2024-09-12 15:18:00-04:00,72.77999877929688,72.80000305175781,72.77999877929688,72.79499816894531,3803,GIS
2024-09-12 15:19:00-04:00,72.79499816894531,72.82499694824219,72.79499816894531,72.81500244140625,8012,GIS
2024-09-12 15:20:00-04:00,72.81500244140625,72.83899688720703,72.78500366210938,72.79900360107422,31153,GIS
2024-09-12 15:21:00-04:00,72.79499816894531,72.83000183105469,72.79499816894531,72.82499694824219,7734,GIS
2024-09-12 15:22:00-04:00,72.82499694824219,72.86000061035156,72.82499694824219,72.86000061035156,5105,GIS
2024-09-12 15:23:00-04:00,72.87000274658203,72.89900207519531,72.86499786376953,72.89900207519531,3646,GIS
2024-09-12 15:24:00-04:00,72.88999938964844,72.92500305175781,72.88999938964844,72.91999816894531,9182,GIS
2024-09-12 15:25:00-04:00,72.93000030517578,72.94000244140625,72.93000030517578,72.93000030517578,8225,GIS
2024-09-12 15:26:00-04:00,72.93000030517578,72.93000030517578,72.88999938964844,72.9000015258789,9588,GIS
2024-09-12 15:27:00-04:00,72.91000366210938,72.95899963378906,72.91000366210938,72.95500183105469,5910,GIS
2024-09-12 15:28:00-04:00,72.94499969482422,72.97000122070312,72.93499755859375,72.96499633789062,6321,GIS
2024-09-12 15:29:00-04:00,72.96900177001953,72.96900177001953,72.92500305175781,72.93499755859375,10618,GIS
2024-09-12 15:30:00-04:00,72.93499755859375,72.95500183105469,72.93000030517578,72.94499969482422,8317,GIS
2024-09-12 15:31:00-04:00,72.94999694824219,72.95500183105469,72.91999816894531,72.93499755859375,10338,GIS
2024-09-12 15:32:00-04:00,72.94000244140625,73.0,72.94000244140625,72.98999786376953,9636,GIS
2024-09-12 15:33:00-04:00,72.99500274658203,73.00499725341797,72.98500061035156,72.98500061035156,9018,GIS
2024-09-12 15:34:00-04:00,72.9800033569336,72.9800033569336,72.91999816894531,72.93000030517578,10641,GIS
2024-09-12 15:35:00-04:00,72.93499755859375,72.94499969482422,72.91999816894531,72.93000030517578,10605,GIS
2024-09-12 15:36:00-04:00,72.93000030517578,72.95999908447266,72.93000030517578,72.95999908447266,10489,GIS
2024-09-12 15:37:00-04:00,72.95999908447266,72.97899627685547,72.95999908447266,72.9749984741211,8370,GIS
2024-09-12 15:38:00-04:00,72.97250366210938,72.98999786376953,72.96499633789062,72.9800033569336,33601,GIS
2024-09-12 15:39:00-04:00,72.9800033569336,73.01100158691406,72.9749984741211,73.01000213623047,11165,GIS
2024-09-12 15:40:00-04:00,73.0,73.01000213623047,72.98999786376953,73.00499725341797,12342,GIS
2024-09-12 15:41:00-04:00,73.01000213623047,73.0199966430664,72.98999786376953,72.99500274658203,9087,GIS
2024-09-12 15:42:00-04:00,73.0,73.0,72.99500274658203,72.99500274658203,4117,GIS
2024-09-12 15:43:00-04:00,73.0,73.02999877929688,72.9749984741211,72.9749984741211,15053,GIS
2024-09-12 15:44:00-04:00,72.97899627685547,73.01499938964844,72.97000122070312,73.0,10316,GIS
2024-09-12 15:45:00-04:00,73.0,73.02899932861328,73.0,73.0250015258789,7188,GIS
2024-09-12 15:46:00-04:00,73.0250015258789,73.04900360107422,73.0250015258789,73.04499816894531,7301,GIS
2024-09-12 15:47:00-04:00,73.05000305175781,73.06999969482422,73.02999877929688,73.05500030517578,12804,GIS
2024-09-12 15:48:00-04:00,73.05030059814453,73.06500244140625,73.04000091552734,73.06500244140625,11942,GIS
2024-09-12 15:49:00-04:00,73.06500244140625,73.08999633789062,73.06500244140625,73.07499694824219,13199,GIS
2024-09-12 15:50:00-04:00,73.06999969482422,73.08499908447266,73.0199966430664,73.0199966430664,26022,GIS
2024-09-12 15:51:00-04:00,73.02999877929688,73.08000183105469,73.02100372314453,73.05000305175781,23331,GIS
2024-09-12 15:52:00-04:00,73.05000305175781,73.06999969482422,73.05000305175781,73.06500244140625,11189,GIS
2024-09-12 15:53:00-04:00,73.06500244140625,73.12999725341797,73.06500244140625,73.1050033569336,38228,GIS
2024-09-12 15:54:00-04:00,73.1050033569336,73.11000061035156,73.05000305175781,73.08499908447266,33132,GIS
2024-09-12 15:55:00-04:00,73.08499908447266,73.08999633789062,73.0199966430664,73.0250015258789,46816,GIS
2024-09-12 15:56:00-04:00,73.0250015258789,73.05000305175781,73.01499938964844,73.04499816894531,33299,GIS
2024-09-12 15:57:00-04:00,73.04499816894531,73.05000305175781,72.99500274658203,73.01000213623047,42233,GIS
2024-09-12 15:58:00-04:00,73.01000213623047,73.04000091552734,73.0,73.02999877929688,66653,GIS
2024-09-12 15:59:00-04:00,73.03500366210938,73.05000305175781,72.98999786376953,73.01000213623047,131004,GIS
